,Compound Score,Date,Negative Score,Neutral Score,Positive Score,Screen Name,Tweet,Tweets Ago
0,0.296,2018-01-08 21:29:44+00:00,0.0,0.905,0.095,BBC,"RT @bbc5live: Looking for some exercise and nutrition advice? üí™

Joe Wicks, aka @thebodycoach, shares his tips on how to sustain a long ter‚Ä¶",1
1,0.0,2018-01-08 21:29:01+00:00,0.0,1.0,0.0,BBC,"RT @bbcasiannetwork: üì° The Asian Network Future Sounds 2018 list is live! üì°
‚¨áÔ∏è Get these artists on your radar right now ‚¨áÔ∏è
@rikaldn 
@nash‚Ä¶",2
2,-0.1655,2018-01-08 21:28:07+00:00,0.099,0.831,0.069,BBC,"RT @bbcthesocial: Jordan thought nobody would give him a chance after prison, but now he's training to be a chef 

#IntoIt https://t.co/GVV‚Ä¶",3
3,0.3182,2018-01-08 21:27:12+00:00,0.0,0.905,0.095,BBC,"RT @bbcworldservice: ""Our job as journalists is to bring the story back and to make sure that these things are not invisible."" @cmittermeie‚Ä¶",4
4,-0.25,2018-01-08 21:23:06+00:00,0.118,0.882,0.0,BBC,RT @BBCiPlayer: üéÅ #HardSun is the new #boxset to get stuck into this week. #iplayerit https://t.co/7AEUPTrmRV https://t.co/DTxDAF4217,5
5,0.0772,2018-01-08 21:22:32+00:00,0.0,0.939,0.061,BBC,RT @BBCWthrWatchers: Some cracking sunsets üåá in the north of the UK earlier. Cloudier conditions arriving overnight may limit the number of‚Ä¶,6
6,0.0,2018-01-08 20:30:06+00:00,0.0,1.0,0.0,BBC,"The #SilentWitness team are back. 

9pm | @BBCOne | https://t.co/nluMqMB9kB https://t.co/XNJzlzoti7",7
7,0.0,2018-01-08 20:04:03+00:00,0.0,1.0,0.0,BBC,Recy Taylor: who was the woman Oprah mentioned in her #GoldenGlobes speech? https://t.co/tiynXeMmCO https://t.co/1Pw4pUEQRY,8
8,0.0,2018-01-08 19:37:04+00:00,0.0,1.0,0.0,BBC,"Tonight, go beyond the theatre doors and discover how surgeons push medical boundaries to the limits. üè• 

Surgeons:‚Ä¶ https://t.co/ZOnkfmFkDY",9
9,0.1779,2018-01-08 19:02:01+00:00,0.088,0.793,0.119,BBC,"ü¶å‚ùÑ The moment a moose, which got stuck up to its neck in snow, is freed by rescuers in Canada. üëè https://t.co/edDNzLFP2c",10
10,-0.126,2018-01-08 18:32:04+00:00,0.077,0.923,0.0,BBC,üèùüòÅ This year you can get 24 days off in a row using just 14 days of leave! https://t.co/ffVi0OKWIv https://t.co/3bIJLmeK4s,11
11,0.0,2018-01-08 18:02:04+00:00,0.0,1.0,0.0,BBC,üéíüìö It was a big day for Princess Charlotte today as she started at nursery school. https://t.co/uZm4XqMPhV https://t.co/tVw11CKnVf,12
12,0.0,2018-01-08 17:30:06+00:00,0.0,1.0,0.0,BBC,‚ôø‚úàThis mum is taking on the global airline industry to get wheelchairs allowed on planes. https://t.co/C5suKv2fJy,13
13,0.0,2018-01-08 17:09:03+00:00,0.0,1.0,0.0,BBC,"This #MeatFreeMonday, why not give one of these veggie pasta bakes a go? üçÖüçÜüçù https://t.co/BFvmdF4FZi https://t.co/ZRXjL2ZASs",14
14,0.0,2018-01-08 16:48:04+00:00,0.0,1.0,0.0,BBC,"'I still have that karaoke machine!' üé§‚ù§Ô∏èÔ∏è

@Camila_Cabello explains how a @BritneySpears karaoke CD made her Christ‚Ä¶ https://t.co/G2WJxboW67",15
15,0.0,2018-01-08 16:33:07+00:00,0.0,1.0,0.0,BBC,These are some of the most striking photographs taken last week from around the world. üì∏ https://t.co/nbDyZEg9YW https://t.co/ixljaLS7bq,16
16,0.0,2018-01-08 16:00:05+00:00,0.0,1.0,0.0,BBC,Judi Dench and Maggie Smith star as two sisters whose lives are changed when they befriend a man they find on the b‚Ä¶ https://t.co/a9hqMWL9bV,17
17,0.0772,2018-01-08 15:27:21+00:00,0.0,0.925,0.075,BBC,"üìöEight books that will make you want to run away with the circus. üé™ü§∏ https://t.co/ahZU4Dn2kD

#LoveToRead https://t.co/FnPS49sYg6",18
18,0.6908,2018-01-08 15:00:07+00:00,0.0,0.769,0.231,BBC,üíîüíç If you're married then it might be best to tread carefully today which has been dubbed #DivorceDay by lawyers.‚Ä¶ https://t.co/tamDjAjpmp,19
19,0.5106,2018-01-08 14:30:06+00:00,0.0,0.71,0.29,BBC,Repeat bouts of warmer seawater are posing a significant challenge to the world's coral reefs. üåä üê† üê¢‚Ä¶ https://t.co/nLE91lQxyt,20
20,0.3182,2018-01-08 14:03:04+00:00,0.111,0.728,0.161,BBC,"'Having kids ruins your life in the best way possible.'
11 things we learned from Charlie Brooker‚Äôs Desert Island D‚Ä¶ https://t.co/qcyMA9KdNA",21
21,-0.6739,2018-01-08 13:43:59+00:00,0.476,0.524,0.0,BBC,RT @bbcthesocial: WTF is #hygge? https://t.co/M04sxI3XMt,22
22,0.0,2018-01-08 13:40:41+00:00,0.0,1.0,0.0,BBC,RT @bbcrb: Any spare paper laying about in your office? Donate some today ! üê± https://t.co/FWCGmnJK6Y,23
23,0.4019,2018-01-08 13:33:04+00:00,0.0,0.863,0.137,BBC,"New year, new me? ü§î 

üåã üêé  From taking photos inside active volcanoes to jousting, here are 8 hobbies you probably‚Ä¶ https://t.co/wGtHBd3TK1",24
24,0.0,2018-01-08 13:00:08+00:00,0.0,1.0,0.0,BBC,üèÅüèé This 16-year-old girl from East Kilbride has made F4 motor racing history. https://t.co/LHhhU6vKY8,25
25,0.8176,2018-01-08 12:40:13+00:00,0.0,0.702,0.298,BBC,RT @BBCCornwall: üê¨üê¨ Even the dolphins had a lovely time playing in the #SundaySunshine in Mounts Bay üåäüê¨üê¨üåû Thanks to #drone operator Simon S‚Ä¶,26
26,0.0,2018-01-08 12:37:56+00:00,0.0,1.0,0.0,BBC,RT @BBC100women: The red carpet was a sea of black dresses and suits at the #GoldenGlobes.  Stars discuss #WhyWeWearBlack and make it very‚Ä¶,27
27,0.0,2018-01-08 12:37:14+00:00,0.0,1.0,0.0,BBC,"RT @BBCSpringwatch: 50 million trees are going to be planted üå≥
https://t.co/x4Enjn8H2A",28
28,0.1935,2018-01-08 12:37:05+00:00,0.0,0.836,0.164,BBC,"RT @bbccomedy: So, how you feeling today? ü§îüòÉ #MondayMotivation https://t.co/dyRd1shmfq",29
29,0.4019,2018-01-08 12:36:01+00:00,0.0,0.891,0.109,BBC,"RT @BBCOne: üê± Thick fur and enormous feet help Canada lynx deal with deep snow and arctic conditions. 

üÜï #BigCats, Thursday at 8pm on @BBC‚Ä¶",30
30,0.0,2018-01-08 12:29:03+00:00,0.0,1.0,0.0,BBC,"On what would have been #DavidBowie's 71st birthday, here are 8 life lessons we can take away from the Star Man's t‚Ä¶ https://t.co/kbSD0N77jx",31
31,0.4939,2018-01-08 12:28:45+00:00,0.0,0.868,0.132,BBC,"RT @bbcasiannetwork: üåø ""They walk in the room and they let everybody know.""
@iamwill tells @HarpreetUK how he's been inspired to ditch the‚Ä¶",32
32,0.0,2018-01-08 11:53:03+00:00,0.0,1.0,0.0,BBC,"üí°Our universe has a speed limit of 299,792 km p/s (which is also the rate at which light travels), but what is it t‚Ä¶ https://t.co/dFDyB5aZ1F",33
33,0.0,2018-01-08 11:29:26+00:00,0.0,1.0,0.0,BBC,The biggest moments from last night's #GoldenGlobes. ‚ú® üëâ https://t.co/GZCJztqRln https://t.co/23LJXnf3wN,34
34,0.4215,2018-01-08 09:57:36+00:00,0.0,0.763,0.237,BBC,Some powerful speeches and statements from this year's #GoldenGlobes. https://t.co/ewKAhPtHoV,35
35,0.5994,2018-01-08 09:00:06+00:00,0.0,0.837,0.163,BBC,We have a 'supermoon trilogy' coming in January &amp; the final one - a 'Super Blue Blood Moon' - could be the most rar‚Ä¶ https://t.co/nbwHZdXRSh,36
36,0.0,2018-01-08 08:46:52+00:00,0.0,1.0,0.0,BBC,RT @BBCWorld: Golden Globes 2018: Why stars wore black on the red carpet https://t.co/P4LUZTeOFQ,37
37,-0.4019,2018-01-08 08:46:36+00:00,0.177,0.742,0.081,BBC,RT @BBCEngland: Commuters face up to three days of disruption as staff at five train firms begin a fresh wave of strikes in separate disput‚Ä¶,38
38,0.0,2018-01-08 08:45:11+00:00,0.0,1.0,0.0,BBC,"RT @BBCNewsbeat: Here are the eight big moments from the #GoldenGlobes last night:

https://t.co/DzbliYugWt https://t.co/zDM1kl7WNm",39
39,0.2755,2018-01-08 08:44:58+00:00,0.0,0.883,0.117,BBC,RT @bbcthree: You'll never complain about your commute again after you see these bonkers journeys https://t.co/43I5HefpJ8 https://t.co/dzWJ‚Ä¶,40
40,0.4574,2018-01-08 08:44:11+00:00,0.0,0.87,0.13,BBC,"RT @bbcgetinspired: You can do it! üôå 

@AdeleRoberts is on a mission to get you active with her January health hacks. #GetInspired #MondayM‚Ä¶",41
41,0.0,2018-01-08 08:44:05+00:00,0.0,1.0,0.0,BBC,"RT @bbcworldservice: ""The fact that we have an epidemic of depression... is telling us that we've built a society that doesn't match people‚Ä¶",42
42,0.0,2018-01-08 08:40:02+00:00,0.0,1.0,0.0,BBC,"Beef farmer Jay gave up his family farm to send his herd to live out their days in a sanctuary. üêÑ‚ù§Ô∏èÔ∏è
#EverydayHeroes https://t.co/IjBP8kxfNA",43
43,0.0,2018-01-08 08:40:00+00:00,0.0,1.0,0.0,BBC,"RT @BBC6Music: üë®‚Äçüé§ Today would have been David Bowie's 71st Birthday. In 1973 on @BBC's Nationwide, he contemplated life after Ziggy Stardu‚Ä¶",44
44,0.0,2018-01-08 08:33:02+00:00,0.0,1.0,0.0,BBC,When you wake up and remember you're expected to work five whole days this week. üòí #MondayMorning https://t.co/Ju3oKV1rep,45
45,0.0,2018-01-08 08:00:08+00:00,0.0,1.0,0.0,BBC,‚òïÔ∏èüò¥ Why do some people need several cups of coffee just to get through the day? https://t.co/L3POHVgHjE,46
46,0.4588,2018-01-08 07:38:10+00:00,0.0,0.667,0.333,BBC,üåµüå∫üå¥ Preserving Morocco's grand gardens. https://t.co/Rh4tovuLZu https://t.co/KVYNRy7ZdT,47
47,0.2263,2018-01-07 20:03:03+00:00,0.107,0.734,0.158,BBC,"Switzerland's Schindler? 
Carl Lutz is the forgotten Swiss diplomat who rescued thousands from Holocaust.‚Ä¶ https://t.co/LNzRhFR6LN",48
48,0.7351,2018-01-07 19:30:04+00:00,0.0,0.721,0.279,BBC,"Tonight, Michael Palin shares the story behind his outstanding career in television and film. ‚ú® 

Michael Palin: A‚Ä¶ https://t.co/VOYzhp6JyU",49
49,0.0,2018-01-07 19:25:10+00:00,0.0,1.0,0.0,BBC,RT @BBCWorld: Snowing or glowing? https://t.co/em8Ks1aGPZ,50
50,0.0,2018-01-07 19:22:48+00:00,0.0,1.0,0.0,BBC,"RT @BBCRadio4: üé™ Roll up! Roll up!
https://t.co/AeAloY7XGG",51
51,0.0,2018-01-07 19:19:39+00:00,0.0,1.0,0.0,BBC,"RT @bbccomedy: We can't keep up with the Karcrashians. OHMIGOD, SO PWETTY!!!! https://t.co/eJV7FijmOB",52
52,-0.1531,2018-01-07 19:18:56+00:00,0.074,0.926,0.0,BBC,"RT @bbcmusic: Ed Sheeran performing 'Perfect' with Jools Holland and his Rhythm &amp; Blues Orchestra was rather exceptional üíï
-
Miss the show?‚Ä¶",53
53,0.3612,2018-01-07 19:00:05+00:00,0.0,0.898,0.102,BBC,"You can learn what an animal sounds like from what it evolved to hear. 

And it turns out, T rex sounded nothing li‚Ä¶ https://t.co/BuXuJ3majp",54
54,0.0,2018-01-07 18:32:03+00:00,0.0,1.0,0.0,BBC,"Tonight, David Attenborough attempts to animate the life of a 200-million-year-old ichthyosaur. üåä 

Attenborough an‚Ä¶ https://t.co/xWsAFgCQu8",55
55,0.6369,2018-01-07 17:59:05+00:00,0.0,0.682,0.318,BBC,Budget Italian feasts the whole family will love. üçù https://t.co/MtSlOvp6m6 https://t.co/8fCY2ToBM6,56
56,0.4215,2018-01-07 17:19:01+00:00,0.0,0.797,0.203,BBC,"What's the true scale of the global trade in humans? 
#McMafia https://t.co/3X7YDsabMv",57
57,0.128,2018-01-07 16:53:27+00:00,0.308,0.359,0.333,BBC,"The best, worst and weirdest #FACup fan fashion. ‚öΩÔ∏èüíÖ https://t.co/hDEBwew84U https://t.co/1DMfVbC8oJ",58
58,-0.0258,2018-01-07 16:34:03+00:00,0.155,0.695,0.15,BBC,RT @BBC_designed: Eastern Block design is back and it‚Äôs inspiring a whole new fashion movement. üéâ https://t.co/xS6vJ68vX8,59
59,0.5859,2018-01-07 16:31:59+00:00,0.0,0.612,0.388,BBC,RT @BBCWorld: A beauty contest with a difference üêü https://t.co/ardDeFBwO5,60
60,0.6369,2018-01-07 16:31:55+00:00,0.0,0.769,0.231,BBC,RT @bbcthree: Becoming a single mum was the best thing that happened to me  https://t.co/64ZeqQRwE0 https://t.co/bJROBhtERz,61
61,0.0,2018-01-07 16:31:45+00:00,0.0,1.0,0.0,BBC,RT @BBCScotland: 'Official sightings' of Nessie in 2017 were the highest this century üêâ https://t.co/eToUiRbB0Z,62
62,0.4019,2018-01-07 16:31:39+00:00,0.0,0.828,0.172,BBC,RT @bbccomedy: When your wife is definitely not your wife... üò≥üòÇ #WouldILieToYou @joelycett https://t.co/Rr268sR8p6,63
63,0.0,2018-01-07 16:30:09+00:00,0.0,1.0,0.0,BBC,"The Ricky &amp; Graham Show, anyone?

#TheGNShow https://t.co/BvFk05j0Zq",64
64,0.0,2018-01-07 16:27:07+00:00,0.0,1.0,0.0,BBC,"RT @bbcmusic: You might recognise some of the names who voted in the #SoundOf2018 poll..

Hiya @stormzy1, @elliegoulding and @alexander_oll‚Ä¶",65
65,0.0,2018-01-07 16:25:04+00:00,0.0,1.0,0.0,BBC,RT @BBCTwo: Here's why doves will not be appearing at the Tokyo 2020 Olympics. üïäüò≥ #QI https://t.co/Fm1FX4WzTQ,66
66,0.0,2018-01-07 16:19:01+00:00,0.0,1.0,0.0,BBC,"RT @BBCOne: üìû INCOMING. 
#McMafia continues tonight at 9pm, @BBCOne. Don‚Äôt be late. https://t.co/z1JBKX7RAl",67
67,-0.0772,2018-01-07 16:18:25+00:00,0.075,0.925,0.0,BBC,RT @bbcworldservice: Could one of the toughest cycling races bring unity to Colombia? More here: https://t.co/mFL1O9spkM https://t.co/jnwDG‚Ä¶,68
68,0.4019,2018-01-07 16:00:07+00:00,0.0,0.856,0.144,BBC,"Burnt out? Here are 8 locations to help you get way, way away from it all. üëã https://t.co/qINvxQrMPA https://t.co/CsANInn8PN",69
69,-0.3182,2018-01-07 15:30:05+00:00,0.152,0.758,0.09,BBC,"Are you prepared for the collapse of society? üò±
Here‚Äôs the knowledge you‚Äôd need to reboot civilisation. üëâ‚Ä¶ https://t.co/RQTUOyeMQC",70
70,0.0,2018-01-07 15:01:01+00:00,0.0,1.0,0.0,BBC,"Take a peek #InsideTheFactory to see how a fish finger is made. üêü‚öôÔ∏è
https://t.co/FejNIi4sHz",71
71,0.6597,2018-01-07 14:30:02+00:00,0.0,0.769,0.231,BBC,This fisherman in Cornwall is helping to save cetaceans by using modern technology to aid his fishing practices. üé£üê¨ https://t.co/rLNKLQxfWf,72
72,0.0,2018-01-07 14:00:04+00:00,0.0,1.0,0.0,BBC,"The year is 2018.
Music is changing fast, but can the humans keep up?
Here's a handful of possible outcomes. üëâ‚Ä¶ https://t.co/pqYeLWwHNz",73
73,0.6369,2018-01-07 13:33:06+00:00,0.0,0.781,0.219,BBC,Take a look at some of the best photographs of the UK from last year. üì∏ https://t.co/why5ck9xKk https://t.co/XJfduxho1z,74
74,-0.1531,2018-01-07 13:10:30+00:00,0.11,0.89,0.0,BBC,"RT @BBCRadio4: ‚ÄòI exaggerate for comic effect‚Äô 
@charltonbrooker on his on-screen persona. 
#desertislanddiscs 
https://t.co/tdfpZEd4cj",75
75,0.5267,2018-01-07 13:00:04+00:00,0.0,0.841,0.159,BBC,"Is this the new age of the train? 

üöÇ @BBC_Culture explores the brave new world of futuristic rail travel.‚Ä¶ https://t.co/x6UBsXe6Eq",76
76,-0.5423,2018-01-07 12:33:59+00:00,0.189,0.763,0.048,BBC,"RT @BBCOne: A mysterious figure reaches out to Alex, who is finding it increasingly difficult to say no. #McMafia. Tonight, 9pm. @BBCOne. h‚Ä¶",77
77,-0.5204,2018-01-07 12:30:05+00:00,0.227,0.708,0.065,BBC,"If you have anxiety, you‚Äôre not alone. Over 8m people in the UK have an anxiety disorder of some sort. 
Here's some‚Ä¶ https://t.co/rg917TPUKP",78
78,-0.4588,2018-01-07 11:36:25+00:00,0.273,0.727,0.0,BBC,RT @BBCScotland: The abandoned island reclaimed by seabirds üê¶ https://t.co/YRAVnFn8xA,79
79,0.0,2018-01-07 11:35:58+00:00,0.0,1.0,0.0,BBC,RT @bbcthree: Don't be this guy. https://t.co/8T8QJrBOjY,80
80,0.0,2018-01-07 11:33:57+00:00,0.0,1.0,0.0,BBC,"RT @bbcgetinspired: üòÇ SPLASH!

When you're learning to paddleboard there's only one way it's going to end... üôà #GetInspired https://t.co/Zl‚Ä¶",81
81,0.4588,2018-01-07 11:33:02+00:00,0.0,0.75,0.25,BBC,RT @BBCRadio4: 15 podcasts guaranteed to make you smarter. https://t.co/BRm87q7mus,82
82,0.0,2018-01-07 11:29:58+00:00,0.0,1.0,0.0,BBC,"RT @BBCiPlayer: ‚òÄÔ∏è ""The complete #HardSun dossier WILL BE RELEASED."" https://t.co/7AEUPT9M0n https://t.co/tl50rimCos",83
83,0.1531,2018-01-07 11:05:24+00:00,0.0,0.897,0.103,BBC,"RT @bbcthree: Here are solid comebacks for when people say ""non-binary people don't exist."" https://t.co/aQuQwutySF",84
84,-0.5994,2018-01-07 11:01:46+00:00,0.438,0.562,0.0,BBC,RT @BBCWorld: Death by selfie https://t.co/nr2lwSnMGr,85
85,0.0,2018-01-07 11:00:06+00:00,0.0,1.0,0.0,BBC,"What's the fattest animal on earth? üêòüêãüêº

A whale, bear, supersized walrus or something altogether unexpected?‚Ä¶ https://t.co/ETzGPKP3Eh",86
86,0.0,2018-01-07 10:53:54+00:00,0.0,1.0,0.0,BBC,RT @BBCNews: Royal Wedding: Late pub opening hours for Harry and Meghan https://t.co/7w6kcOjyxl,87
87,0.5719,2018-01-07 10:49:25+00:00,0.0,0.821,0.179,BBC,RT @BBCFood: Going low-cal but having cravings? Enter the easiest ever chicken traybake. üôå Full recipe here - https://t.co/KXMxTDDtgx https‚Ä¶,88
88,0.0,2018-01-07 10:49:13+00:00,0.0,1.0,0.0,BBC,"RT @BBCNewsround: In for a penny, in for a pound! Check out these new coin designs from the Royal Mint https://t.co/5hfRexBLyU https://t.co‚Ä¶",89
89,0.0,2018-01-07 10:00:04+00:00,0.0,1.0,0.0,BBC,üíôüé∂ Prepare to be mesmerised by the sounds of Scotland. https://t.co/d32eggwm1U,90
90,-0.4215,2018-01-07 09:32:03+00:00,0.149,0.851,0.0,BBC,"Women unhappy with their breast size are less likely to carry out regular self-examinations, study suggests.‚Ä¶ https://t.co/41b81fLY8p",91
91,0.0,2018-01-07 09:00:14+00:00,0.0,1.0,0.0,BBC,The people of the whale. üì∏üêã https://t.co/TH7SUcw5JJ https://t.co/8ivwbmnhms,92
92,-0.4588,2018-01-07 08:30:05+00:00,0.364,0.636,0.0,BBC,'I fought anxiety and started teaching happiness.' https://t.co/K2TXy36b77 https://t.co/M4xJDR4rkd,93
93,-0.4939,2018-01-07 08:00:04+00:00,0.198,0.802,0.0,BBC,‚öΩÔ∏èüèü When ball boys steal the limelight and hit the big time. https://t.co/Rl0vUHaZZK https://t.co/Uc02sIM0gK,94
94,0.0,2018-01-06 23:57:10+00:00,0.0,1.0,0.0,BBC,"RT @BBCScotland: Let this be a lesson to us all...how NOT to split the bill. 

From @MrQuippy https://t.co/wEGoJQm5Fe",95
95,0.5859,2018-01-06 23:56:58+00:00,0.0,0.743,0.257,BBC,RT @bbcthree: Kids discussing hipsters is as amazing as you'd expect. https://t.co/7ZlwQbc8Bw,96
96,-0.4939,2018-01-06 23:56:09+00:00,0.138,0.862,0.0,BBC,"RT @BBCScotland: Heroin exploded into housing schemes around Scotland in the early 80's changing policing and society forever.

Watch the f‚Ä¶",97
97,0.0,2018-01-06 23:55:08+00:00,0.0,1.0,0.0,BBC,"RT @BBCMOTD: üé∂ Doo doo doo doo doo doo doo doo doo doo doo doo doo doo doo‚Ä¶ üé∂

#FACup third round day always throws up some stories - today‚Ä¶",98
98,0.0,2018-01-06 19:33:03+00:00,0.0,1.0,0.0,BBC,"DCI Hicks and DI Renko stumble on a lethal secret that will bind them together for life. 

#HardSun | 9.35pm |‚Ä¶ https://t.co/Tl7pjslOQZ",99
99,0.3612,2018-01-06 19:01:04+00:00,0.0,0.872,0.128,BBC,üë∞ü§µüèÜ @reallorraine and @RobBeckettComic present as couples and their families come together for a wedding day like n‚Ä¶ https://t.co/acOWVTDVKy,100
100,0.0,2018-01-08 18:07:57+00:00,0.0,1.0,0.0,CBS,RT @startrekcbs: #StarTrekDiscovery is back! Episode 10 is now streaming on CBS All Access: https://t.co/xPeb97Rs8J https://t.co/Uvgab7nGgS,1
101,0.0,2018-01-08 14:34:48+00:00,0.0,1.0,0.0,CBS,"New year, new case. Watch the latest episode of #NCISLA now: https://t.co/1rAsX4EsiB https://t.co/QzRZcORK9r",2
102,0.0,2018-01-08 14:29:20+00:00,0.0,1.0,0.0,CBS,RT @AmazingRaceCBS: Which teams are zipping through the first leg of the #AmazingRace? https://t.co/8isAwPyrLY,3
103,0.0,2018-01-08 00:29:51+00:00,0.0,1.0,0.0,CBS,RT @MadamSecretary: Is VP Hurst going to work with or against Elizabeth? Stream a new #MadamSecretary live with CBS All Access: https://t.c‚Ä¶,4
104,0.0,2018-01-06 20:05:17+00:00,0.0,1.0,0.0,CBS,"RT @debrabirnbaum: .@ShawnRyanTV: To me, being on CBS is the opposite of preaching to the choir. #TCA18",5
105,0.8271,2018-01-06 19:04:08+00:00,0.0,0.686,0.314,CBS,RT @LivinBiblically: ‚ÄúThe truth is it somehow gorgeously straddles both sides...I have had friends come from all different walks of life an‚Ä¶,6
106,-0.7717,2018-01-06 19:03:38+00:00,0.226,0.774,0.0,CBS,RT @instinctcbs: ‚ÄúThis is a crime show where at the end you‚Äôre not reminded of how miserable things are in the world right now‚Ä¶You feel sat‚Ä¶,7
107,0.0,2018-01-06 00:37:55+00:00,0.0,1.0,0.0,CBS,"RT @startrekcbs: Star Trek has touched the lives of generations of fans, including the cast and writers of #StarTrekDiscovery. What's your‚Ä¶",8
108,0.0,2018-01-06 00:30:53+00:00,0.0,1.0,0.0,CBS,#StrangeAngel has found its leading man! Jack Reynor will star as famed rocket engineer Jack Parsons in the upcomin‚Ä¶ https://t.co/sHkSKABGfd,9
109,0.0,2018-01-05 18:30:42+00:00,0.0,1.0,0.0,CBS,"The streak of new episodes continues! Watch new episodes of #MacGyver, #H50 &amp; #BlueBloods tonight starting at 8/7c.‚Ä¶ https://t.co/xs2vbVqBJZ",10
110,0.0,2018-01-05 16:05:58+00:00,0.0,1.0,0.0,CBS,"RT @CBSTweet: #CBSRatingsNews: CBS Sweeps Fourth Quarter Ratings in Daytime, Primetime and Late Night for the First Time Since 2009 https:/‚Ä¶",11
111,0.1867,2018-01-04 23:13:02+00:00,0.0,0.89,0.11,CBS,"New year, new episodes! Don't miss all-new episodes of @BigBangTheory, @YoungSheldon, @MomCBS, @LifeInPiecesCBS, an‚Ä¶ https://t.co/COf6Qg8Mz1",12
112,-0.296,2018-01-04 14:43:09+00:00,0.121,0.879,0.0,CBS,"Current nominees @LadyGaga, @LittleBigTown, @Pink, Childish Gambino and more will perform live at the #GRAMMYs, Jan‚Ä¶ https://t.co/PlLMasNPwD",13
113,0.5423,2018-01-03 20:33:09+00:00,0.0,0.821,0.179,CBS,"RT @startrekcbs: From Airiam to Zefram Cochrane, #StarTrekDiscovery features fascinating new concepts along with classic references. What's‚Ä¶",14
114,-0.5267,2018-01-03 19:51:15+00:00,0.167,0.833,0.0,CBS,Torres and Bishop went undercover as a criminal couple on the latest episode of #NCIS. Catch up now:‚Ä¶ https://t.co/1iTEneHyJS,15
115,0.5423,2018-01-03 15:00:05+00:00,0.0,0.857,0.143,CBS,Do you know all the nominees for Artist Of The Year? Get familiar with this year's GRAMMY¬Æ Award nominees ahead of‚Ä¶ https://t.co/UQa8Mu9PUV,16
116,0.0,2018-01-03 12:00:01+00:00,0.0,1.0,0.0,CBS,"The new year of new episodes continues tonight with all-new episodes of #AmazingRace, #SEALTeam and #CriminalMinds‚Ä¶ https://t.co/bwhNhQgsFC",17
117,-0.7692,2018-01-03 00:47:26+00:00,0.267,0.733,0.0,CBS,"RT @BullCBS: Tonight, can #Bull prove that a teen accused of robbing a jewelry store isn't responsible for the crime? Tune in at 9/8c or st‚Ä¶",18
118,0.8516,2018-01-02 22:41:51+00:00,0.0,0.66,0.34,CBS,It's your last chance to choose the pro football player with the best off-the-field talent! Vote now to decide who‚Ä¶ https://t.co/6DjwqU0MB9,19
119,0.0,2018-01-02 08:00:03+00:00,0.0,1.0,0.0,CBS,"New year, new episodes -- all week long! It kicks off with an all-new #NCIS, #Bull and #NCISNOLA tonight starting a‚Ä¶ https://t.co/bcmAaUQJtf",20
120,0.0,2018-01-01 01:16:12+00:00,0.0,1.0,0.0,CBS,"Due to #NFL football games overrun, revised start times &amp; lineup for Eastern/Central Time Zones Only:
#60Minutes 8:‚Ä¶ https://t.co/rqOYbM5j0h",21
121,0.7798,2017-12-31 14:37:05+00:00,0.0,0.736,0.264,CBS,Get ready for football! Stream NFL on CBS today with #CBSAllAccess. Try 1 month FREE with promo code BINGE (not ava‚Ä¶ https://t.co/NEntvW7QHd,22
122,0.0,2017-12-30 20:25:20+00:00,0.0,1.0,0.0,CBS,"RT @NoActivityCBS: All season nothing's happened. Now prepare for activity. Stream the #NoActivity season finale Sunday, Dec 31 on CBS All‚Ä¶",23
123,0.3612,2017-12-30 20:24:58+00:00,0.0,0.884,0.116,CBS,RT @startrekcbs: Find out what happens when you boldly go too far. #StarTrekDiscovery continues January 7 on CBS All Access: https://t.co/f‚Ä¶,24
124,0.0857,2017-12-29 16:06:02+00:00,0.144,0.699,0.157,CBS,Stream NC State Wolfpack at Arizona State Sun Devils LIVE today at 3PM ET with a 1-month FREE trial of‚Ä¶ https://t.co/8k50thgtip,25
125,0.1511,2017-12-28 20:31:01+00:00,0.096,0.783,0.121,CBS,"In case you missed this star-studded tribute to Carol Burnett's classic comedy series, catch up now! Watch The Caro‚Ä¶ https://t.co/wu7BxM9gtm",26
126,0.0,2017-12-28 19:28:22+00:00,0.0,1.0,0.0,CBS,Some of TV's biggest stars saluted @TheNormanLear's impact on television and culture at The 40th Annual Kennedy Cen‚Ä¶ https://t.co/E74ChUW1uE,27
127,0.875,2017-12-27 22:45:05+00:00,0.0,0.643,0.357,CBS,The search is on to find the pro football player with the best off-the-field talent. Vote for your favorite player‚Ä¶ https://t.co/R0fb5ngJ16,28
128,0.7717,2017-12-27 21:04:10+00:00,0.0,0.705,0.295,CBS,"Celebrate everyone's favorite classic sitcom with Carol Burnett, Vicki Lawrence, and more stars during The Carol Bu‚Ä¶ https://t.co/SaiZ9TzBVO",29
129,0.8452,2017-12-27 19:52:02+00:00,0.0,0.663,0.337,CBS,Joy to the world of streaming! Try #CBSAllAccess FREE for 1 month ‚Äì just use code BINGE by 1/2:‚Ä¶ https://t.co/9p1ACnslz6,30
130,0.0,2017-12-27 19:40:34+00:00,0.0,1.0,0.0,CBS,"Music legend Stevie Wonder salutes @LionelRichie while performing his classic hit, ""Easy"" at The 40th Annual Kenned‚Ä¶ https://t.co/7TeDeNyhgo",31
131,0.7003,2017-12-27 12:00:01+00:00,0.0,0.766,0.234,CBS,"As the youngest Kennedy Center Honoree in 40 years, @LLCoolJ talks about what motivates him to chase his dreams. Wa‚Ä¶ https://t.co/DFY78y99w3",32
132,0.8398,2017-12-27 07:27:33+00:00,0.0,0.64,0.36,CBS,Here's to the 2017 Kennedy Center Honorees! Catch up on an evening of stunning performances and inspiring speeches‚Ä¶ https://t.co/jGfANpSCul,33
133,0.8221,2017-12-27 04:00:52+00:00,0.0,0.664,0.336,CBS,This celebration could go all night long! What a great final performance in honor of @LionelRichie. #KCHonors https://t.co/xKLWpKr3v0,34
134,0.0,2017-12-27 03:59:48+00:00,0.0,1.0,0.0,CBS,RT @MarkAPrinceJr: A #LionelRichie tribute is not complete without üé∂All Night Longüé∂ üòÅ #KCHonors,35
135,0.8271,2017-12-27 03:36:01+00:00,0.0,0.58,0.42,CBS,Carmen de Lavallade (@CarmenDances) got emotional during those beautiful performances in her honor. Congratulations‚Ä¶ https://t.co/gOCAZpZDpt,36
136,0.8103,2017-12-27 03:35:29+00:00,0.0,0.685,0.315,CBS,RT @Glamourtunist: This tribute to Carmen de Lavallade at the #KCHonors is so beautiful and well deserved. ‚ù§Ô∏è,37
137,0.0,2017-12-27 03:03:49+00:00,0.0,1.0,0.0,CBS,RT @llcoolj: Attn: #HIPHOP !!!! We made history!! #KCHonors,38
138,0.5255,2017-12-27 03:03:26+00:00,0.0,0.78,0.22,CBS,.@llcoolj is making history! He‚Äôs the Kennedy Center‚Äôs first hip-hop honoree. #KCHonors https://t.co/kCqkOdUjtu,39
139,0.7096,2017-12-27 02:57:56+00:00,0.0,0.753,0.247,CBS,RT @ErinAnnCullen: #KCHonors is always a night of inspiration. Thank you to these artists for your impact on our country. ‚ù§Ô∏èüß°üíõüíöüíôüíú,40
140,0.7345,2017-12-27 02:48:52+00:00,0.0,0.64,0.36,CBS,Give a round of applause to television pioneer and 2017 Honoree @TheNormanLear! #KCHonors https://t.co/20UosF987x,41
141,0.6124,2017-12-27 02:45:34+00:00,0.0,0.826,0.174,CBS,RT @AliL: This tribute to Norman Lear on #KCHonors is outstanding AND a walk down my childhood TV memory lane. üëèüèªüì∫,42
142,0.3699,2017-12-27 02:28:07+00:00,0.0,0.702,0.298,CBS,RT @llcoolj: Moments I‚Äôll never forget!!! #KCHonors,43
143,0.8748,2017-12-27 02:26:46+00:00,0.0,0.474,0.526,CBS,.@GloriaEstefan approves of those amazing musical performances in her honor! #KCHonors https://t.co/i3EVYEoKRx,44
144,0.9601,2017-12-27 02:20:11+00:00,0.0,0.434,0.566,CBS,RT @thepickypantry: Beautiful tribute to @GloriaEstefan on the Kennedy Center Honors. Love Mi Tierra! Amazing and inspiring what a fighter‚Ä¶,45
145,0.8908,2017-12-27 02:00:29+00:00,0.0,0.654,0.346,CBS,Time to celebrate the 2017 honorees at The 40th Annual Kennedy Center Honors! Tune in now on CBS and CBS All Access‚Ä¶ https://t.co/1OULMpCfPy,46
146,0.0,2017-12-27 01:08:32+00:00,0.0,1.0,0.0,CBS,"Tonight, @LionelRichie, @LLCoolJ, @GloriaEstefan, @TheNormanLear &amp; Carmen de Lavallade will be recognized at The 40‚Ä¶ https://t.co/jZJqNo8h3b",47
147,0.2415,2017-12-26 12:00:01+00:00,0.173,0.61,0.218,CBS,"Don't miss the breathtaking performances, standing ovations and moving tributes that will leave you inspired. Here'‚Ä¶ https://t.co/imILa52fjz",48
148,0.5106,2017-12-25 12:00:05+00:00,0.0,0.809,0.191,CBS,"Experience the performances and the memories when 2017 Honorees @LionelRichie, @GloriaEstefan, Carmen de Lavallade,‚Ä¶ https://t.co/ygbqASVL7t",49
149,-0.2263,2017-12-25 00:48:24+00:00,0.101,0.899,0.0,CBS,"Due to NFL overrun CBS is delayed 36mins in Charlotte/NC, Cincinnati/OH, Nashville, Atlanta, New Orleans, Baton Rou‚Ä¶ https://t.co/20mnbAhpTm",50
150,0.7574,2017-12-24 20:40:42+00:00,0.0,0.711,0.289,CBS,"Tonight, get together and enjoy Christmas Eve with a two-hour marathon of your favorite classic sitcoms! Watch The‚Ä¶ https://t.co/SCv8TJy9Yp",51
151,0.7974,2017-12-24 14:17:43+00:00,0.0,0.727,0.273,CBS,Get ready for football! Stream NFL on CBS today with #CBSAllAccess. Try 1 month FREE with promo code BINGE! (Not av‚Ä¶ https://t.co/6mR4bRR5Ey,52
152,0.0,2017-12-24 12:30:02+00:00,0.0,1.0,0.0,CBS,"All In The Family star @RobReiner gives props to legendary television writer, producer and 2017 Kennedy Center Hono‚Ä¶ https://t.co/98jc5i63zE",53
153,0.0,2017-12-23 16:21:17+00:00,0.0,1.0,0.0,CBS,"Rapper @BustaRhymes pays tribute to @LLCoolJ, performing his hit song ""Mama Said Knock You Out"" at The 40th Annual‚Ä¶ https://t.co/CRjQArUqwd",54
154,0.8236,2017-12-23 15:00:02+00:00,0.0,0.714,0.286,CBS,"Oh, what fun it is to stream! Start a 1-month FREE trial of #CBSAllAccess now. Use promo code BINGE by 1/2:‚Ä¶ https://t.co/rSAnDJDgbI",55
155,0.7712,2017-12-23 12:37:04+00:00,0.0,0.645,0.355,CBS,CBS stars are glowing with holiday spirit! See how the stars are getting festive this season:‚Ä¶ https://t.co/7qYTHoxFIc,56
156,0.743,2017-12-23 07:24:44+00:00,0.107,0.583,0.311,CBS,Spread some holiday cheer and laugh along with Dick Van Dyke and Mary Tyler Moore in two back-to-back episodes of T‚Ä¶ https://t.co/N89JoYvXZW,57
157,0.8687,2017-12-23 06:39:45+00:00,0.0,0.635,0.365,CBS,Come home for the holidays with Lucy and Ricky in the I Love Lucy Christmas Special! Stream the full show:‚Ä¶ https://t.co/s7f9mjEtER,58
158,-0.1531,2017-12-23 01:38:37+00:00,0.127,0.769,0.104,CBS,"Tonight at 9/8c, gather the family for two hilarious episodes of this classic sitcom in The Dick Van Dyke Show- Now‚Ä¶ https://t.co/YcyECVr2NN",59
159,0.9422,2017-12-23 00:39:52+00:00,0.0,0.531,0.469,CBS,Get ready to laugh in the holidays tonight with Lucy and the gang in the I Love Lucy Christmas Special at 8/7c! Str‚Ä¶ https://t.co/txU2TwXWOg,60
160,0.6588,2017-12-22 19:35:35+00:00,0.0,0.759,0.241,CBS,"Tonight, ring in the holidays with two back-to-back episodes of a timeless comedy classic, now in color! Watch the‚Ä¶ https://t.co/skJsgJdQel",61
161,0.6597,2017-12-22 18:03:20+00:00,0.0,0.722,0.278,CBS,"Groundbreaking, daring, fearless. This is CBS All Access Originals. 

Sign up now to watch @StarTrekCBS,‚Ä¶ https://t.co/kvPsJafYrN",62
162,0.5255,2017-12-22 14:04:52+00:00,0.0,0.841,0.159,CBS,2017 Honoree @LLCoolJ is the first hip-hop artist recognized at the #KCHonors! Learn more about the @NCISLA star's‚Ä¶ https://t.co/eK91KdBNpG,63
163,0.8718,2017-12-21 12:04:04+00:00,0.0,0.632,0.368,CBS,"She's at it again! Tomorrow, relive Lucy's hilarious antics during the I Love Lucy Christmas Special at 8/7c on CBS‚Ä¶ https://t.co/g01UGGLEDk",64
164,0.6597,2017-12-21 01:04:27+00:00,0.0,0.787,0.213,CBS,"RT @survivorcbs: 6 heroes, 6 healers, 6 hustlers, but only 1 sole #Survivor. Ready to find out who it is? Tune in to the #SurvivorFinale no‚Ä¶",65
165,0.3818,2017-12-20 23:00:04+00:00,0.0,0.843,0.157,CBS,Watch @kelly_clarkson deliver a moving performance of 'Christmas Eve' during A Home for the Holidays with‚Ä¶ https://t.co/TAcstl7VYh,66
166,0.743,2017-12-20 21:08:10+00:00,0.0,0.751,0.249,CBS,"In two days, celebrate the holidays with the gang with two back-to-back episodes of the classic sitcom during the I‚Ä¶ https://t.co/FRr8jX7MXZ",67
167,0.7222,2017-12-20 20:10:15+00:00,0.0,0.719,0.281,CBS,2017 Honoree @LLCoolJ salutes James Brown for paving the way for artists like himself. Don't miss The 40th Annual K‚Ä¶ https://t.co/310Wfk7EoW,68
168,0.0,2017-12-20 19:31:47+00:00,0.0,1.0,0.0,CBS,Singer-songwriter @JoshGroban delivers a powerhouse performance while raising awareness of adoption through foster‚Ä¶ https://t.co/FiQKJdx7Ty,69
169,0.5423,2017-12-20 15:30:01+00:00,0.0,0.857,0.143,CBS,Do you know all the nominees for Album Of The Year? Get familiar with this year's GRAMMY¬Æ  Award nominees ahead of‚Ä¶ https://t.co/GYnxLT3n4p,70
170,0.1139,2017-12-20 01:01:19+00:00,0.0,0.941,0.059,CBS,RT @survivorcbs: This finale is going to be unlike any ending in the history of #Survivor. Don't miss the finale + reunion all starting Wed‚Ä¶,71
171,0.7644,2017-12-20 00:14:34+00:00,0.0,0.708,0.292,CBS,"This Friday, gather around the tree and celebrate the holidays with Lucille Ball! Watch two colorized back-to-back‚Ä¶ https://t.co/4wopbmS4ez",72
172,0.0,2017-12-19 21:12:50+00:00,0.0,1.0,0.0,CBS,Kevin and Vanessa took a trip back in time on last night's #KevinCanWait. Watch the latest episode now:‚Ä¶ https://t.co/SAqbLOd1Pg,73
173,0.3818,2017-12-19 21:00:03+00:00,0.0,0.852,0.148,CBS,"Find out how to watch A Home for the Holidays with @JoshGroban, featuring performances by @Kelly_Clarkson,‚Ä¶ https://t.co/Y6zrR9PigH",74
174,0.5719,2017-12-19 15:30:04+00:00,0.0,0.791,0.209,CBS,"In one week, celebrate a night of legends when @LionelRichie, @GloriaEstefan, Carmen de Lavallade (@CarmenDances),‚Ä¶ https://t.co/u7eXxb521H",75
175,0.0,2017-12-19 14:42:58+00:00,0.0,1.0,0.0,CBS,"Kick off The 60th Annual #GRAMMYs with @NancyODell, @KevinFrazier &amp; @KeltieKnight as they go behind the scenes with‚Ä¶ https://t.co/J6KDEGV1g1",76
176,0.6808,2017-12-19 00:39:07+00:00,0.0,0.714,0.286,CBS,"Country crooner Luke Bryan (@LukeBryanOnline) honors @LionelRichie with a smooth rendition of his original song, 'P‚Ä¶ https://t.co/XIF7ESukR8",77
177,0.875,2017-12-18 22:53:34+00:00,0.0,0.643,0.357,CBS,The search is on to find the pro football player with the best off-the-field talent. Vote for your favorite player‚Ä¶ https://t.co/7uXC3SEz96,78
178,0.8957,2017-12-18 21:32:25+00:00,0.0,0.505,0.495,CBS,"It's the greatest gift a family can give. Celebrate adoption with superstars @JoshGroban, @Kelly_Clarkson,‚Ä¶ https://t.co/1wc6meuGF7",79
179,0.7569,2017-12-18 18:40:55+00:00,0.0,0.712,0.288,CBS,"Mark your calendars! @NCISLA star @LLCoolJ will host MVP: Most Valuable Performer, a new interactive talent show to‚Ä¶ https://t.co/s2LilAv50X",80
180,0.0,2017-12-18 00:42:56+00:00,0.0,1.0,0.0,CBS,"Approximate start times for #CBS tonight (East &amp; Midwest):
#60Minutes 7:38p/6:38c
#WisdomoftheCrowd 8:38p/7:38c‚Ä¶ https://t.co/tFKrUBcv8B",81
181,0.5093,2017-12-18 00:00:40+00:00,0.0,0.859,0.141,CBS,"RT @kencen: Look back on favorite #KCHonors tributes before the Dec. 26 @CBS broadcast! From 2002: @aliciakeys sings ""Bridge Over Troubled‚Ä¶",82
182,0.8527,2017-12-17 17:48:58+00:00,0.044,0.576,0.38,CBS,"This Friday, you won't want to miss this priceless treasure when the I Love Lucy Christmas Special airs at 8/7c on‚Ä¶ https://t.co/oyC9YDno00",83
183,0.7798,2017-12-17 15:39:38+00:00,0.0,0.725,0.275,CBS,Get ready for football! Stream NFL on CBS today with #CBSAllAccess. Try 1 week FREE (not available on mobile phones‚Ä¶ https://t.co/cNMa11dmza,84
184,0.25,2017-12-16 18:29:05+00:00,0.0,0.875,0.125,CBS,RT @HawaiiFive0CBS: Was it all a dream? Catch up on the #H50 Fall Finale: https://t.co/PDeOIaDGqu https://t.co/msEijhSSJH,85
185,0.1867,2017-12-16 12:00:07+00:00,0.0,0.92,0.08,CBS,"In less than a week, Lucy and Ricky will return to your screens... in full color! Don't miss two back-to-back episo‚Ä¶ https://t.co/rtmvB5Cj1D",86
186,0.5423,2017-12-15 20:23:58+00:00,0.0,0.857,0.143,CBS,Do you know all the nominees for Record Of The Year? Get familiar with this year's GRAMMY¬Æ Award nominees ahead of‚Ä¶ https://t.co/lXDIu1STfq,87
187,0.6114,2017-12-15 14:43:08+00:00,0.0,0.8,0.2,CBS,'Elton John: I'm Still Standing - A GRAMMY¬Æ Salute' will celebrate Elton John's legendary career and timeless hits!‚Ä¶ https://t.co/6M38jQQpTA,88
188,0.5106,2017-12-14 19:13:25+00:00,0.0,0.798,0.202,CBS,"Get to know 2017 Kennedy Center honorees @LLCoolJ, Carmen de Lavallade (@CarmenDances), @GloriaEstefan,‚Ä¶ https://t.co/RGe3zqmY08",89
189,0.0,2017-12-13 23:20:01+00:00,0.0,1.0,0.0,CBS,"So close, yet so far away. Which #Survivor Castaways Will Earn Their Spot In The Final Five? More:‚Ä¶ https://t.co/efeBVa4p26",90
190,0.5093,2017-12-13 18:56:58+00:00,0.0,0.798,0.202,CBS,RT @BandB_CBS: Take a walk down #BoldandBeautiful memory lane! RT your favorite #Steam moment. https://t.co/kxeD2br8Tc,91
191,0.0,2017-12-12 20:34:16+00:00,0.0,1.0,0.0,CBS,"RT @thegoodfight: Court is back in session. Season 2 of #TheGoodFight premieres March 4, exclusively on CBS All Access: https://t.co/Niu5a8‚Ä¶",92
192,0.5562,2017-12-12 19:04:59+00:00,0.0,0.854,0.146,CBS,Only two weeks until The 40th Annual Kennedy Center Honors air on December 26! Look back on four decades of inspiri‚Ä¶ https://t.co/z4J8sfs55V,93
193,0.555,2017-12-12 17:13:52+00:00,0.0,0.826,0.174,CBS,"Mark your calendars! The 53rd Academy Of Country Music Awards will air Sunday, April 15 on CBS!‚Ä¶ https://t.co/yYPc5rCiMW",94
194,0.8832,2017-12-11 21:29:33+00:00,0.0,0.636,0.364,CBS,The search is on to find the pro football player with the best off-the-field talent! Vote for your favorite perform‚Ä¶ https://t.co/musmVXrRJz,95
195,0.4939,2017-12-11 19:05:21+00:00,0.086,0.703,0.211,CBS,RT @MadamSecretary: No D.C. holiday party is complete without some political persuasion and a covert sting to bust a corrupt senator. üéÑ‚≠êÔ∏è S‚Ä¶,96
196,-0.2263,2017-12-11 00:26:50+00:00,0.083,0.917,0.0,CBS,"Due to NFL overrun, CBS is delayed 8 mins in the following ET &amp; CT markets: Hunstville, AL, Bowling Green, KY, MS,‚Ä¶ https://t.co/gbwhgooEQd",97
197,-0.2263,2017-12-11 00:25:54+00:00,0.087,0.913,0.0,CBS,"Due to NFL overrun CBS is delayed 7 mins in the following ET &amp; CT markets Tampa, Chicago, Maryland, Michigan, Wash‚Ä¶ https://t.co/driVgCiX7D",98
198,0.0772,2017-12-10 22:49:02+00:00,0.0,0.936,0.064,CBS,"RT @NoActivityCBS: If you want the intel, you get the tickles. üòÇ Stream the first 5 episodes of #NoActivity now: https://t.co/Wzq9bVOhGN ht‚Ä¶",99
199,0.0,2017-12-10 22:48:46+00:00,0.0,1.0,0.0,CBS,RT @startrekcbs: .@albinokid and @wcruz73 are breaking new ground in #StarTrekDiscovery. üè≥Ô∏è‚Äçüåà Stream chapter 1 on CBS All Access: https://t‚Ä¶,100
200,0.296,2018-01-09 01:36:29+00:00,0.0,0.896,0.104,CNN,"""I'm going to tell you a quick story"": Asked what he thinks of the prospect of Oprah Winfrey making a presidential‚Ä¶ https://t.co/1YyNLqZ5zW",1
201,0.34,2018-01-09 01:31:55+00:00,0.0,0.893,0.107,CNN,"RT @OutFrontCNN: As it was reported that President Donald Trump spends three hours every morning engaging in ""executive time,"" the internet‚Ä¶",2
202,0.0,2018-01-09 01:31:05+00:00,0.0,1.0,0.0,CNN,Who is Kim Jong Un? Separating myth from fact https://t.co/YLfj9DqP4A https://t.co/QniGwENk8W,3
203,0.4019,2018-01-09 01:30:05+00:00,0.0,0.886,0.114,CNN,RT @AC360: Lawyers for President Trump are anticipating a request for him to talk to special counsel Robert Mueller and are discussing how‚Ä¶,4
204,0.4404,2018-01-09 01:27:10+00:00,0.0,0.818,0.182,CNN,Everything you need to know about the College Football Playoff National Championship https://t.co/VSuaI8RhUz https://t.co/NSbp3Xsllt,5
205,0.0,2018-01-09 01:21:31+00:00,0.0,1.0,0.0,CNN,"In a 1999 interview with Larry King, Donald Trump said that his first choice for a running mate would be Oprah Winf‚Ä¶ https://t.co/SKcvqZNmkD",6
206,0.0,2018-01-09 01:13:55+00:00,0.0,1.0,0.0,CNN,Removing a President using the 25th amendment would require a political apocalypse | Analysis by @zbyronwolf¬†‚Ä¶ https://t.co/yShbc1wTbN,7
207,0.0,2018-01-09 01:02:13+00:00,0.0,1.0,0.0,CNN,"Democratic Sen. Kirsten Gillibrand, who has been mentioned as a formidable 2020 presidential candidate, said Oprah‚Ä¶ https://t.co/F0mf8kshh5",8
208,-0.6249,2018-01-09 00:57:24+00:00,0.231,0.769,0.0,CNN,"Russia is hindering the fight against ISIS in Syria, an official from the US-led coalition fighting ISIS says‚Ä¶ https://t.co/0WKwcifyXp",9
209,-0.7269,2018-01-09 00:50:41+00:00,0.217,0.783,0.0,CNN,"Dr. Allen Frances on Donald Trump: ""It's an insult to the mentally ill to say that the reason he shouldn't be in of‚Ä¶ https://t.co/Oll3AtFSpM",10
210,0.0,2018-01-09 00:49:17+00:00,0.0,1.0,0.0,CNN,"As North Korean representatives prepare to meet their South Korean counterparts for the first time since 2015,‚Ä¶ https://t.co/U1swTmjIAk",11
211,-0.4404,2018-01-09 00:47:31+00:00,0.139,0.861,0.0,CNN,"Dr. John Gartner: ""I think it's a scandal that Donald Trump is not going to receive a neuropsychological exam durin‚Ä¶ https://t.co/pxCbiAGjL5",12
212,-0.3612,2018-01-09 00:33:53+00:00,0.152,0.848,0.0,CNN,Republican senators who once criticized Trump have learned how to work with him https://t.co/90bYC9g5YW https://t.co/GOPyYE5JIj,13
213,0.0,2018-01-09 00:16:06+00:00,0.0,1.0,0.0,CNN,"Self-driving cars are cruising the Las Vegas streets this week for #CES2018, and anyone can catch a ride‚Ä¶ https://t.co/XW4JGUD6jX",14
214,0.0,2018-01-09 00:12:39+00:00,0.0,1.0,0.0,CNN,House Minority Leader Nancy Pelosi gave mixed reviews about whether Oprah is the right candidate for Democrats to p‚Ä¶ https://t.co/7StEV39KX5,15
215,0.128,2018-01-08 23:56:17+00:00,0.0,0.87,0.13,CNN,Exclusive: A pair of lawmakers have unveiled a bipartisan DACA plan https://t.co/qIyLLw6kRM https://t.co/y0eiPfELQl,16
216,-0.357,2018-01-08 23:47:45+00:00,0.121,0.879,0.0,CNN,"""They're liars."" Author of bombshell book about President Trump says White House staff isn't being truthful about t‚Ä¶ https://t.co/Zppr1JFltm",17
217,0.0,2018-01-08 23:41:03+00:00,0.0,1.0,0.0,CNN,"In the US, the rate of children injuring their eyes with air guns skyrocketed between 1990 and 2012‚Ä¶ https://t.co/L8kf5i4XhI",18
218,0.0,2018-01-08 23:36:05+00:00,0.0,1.0,0.0,CNN,Dennis Kucinich is running for Ohio governor https://t.co/E5UC46PpfJ https://t.co/7aoduYggKS,19
219,0.4767,2018-01-08 23:31:08+00:00,0.0,0.687,0.313,CNN,Comedian Stephen Colbert extends Trump satire into animated realm https://t.co/aLHOb2nIsg https://t.co/OuuCeAZgNp,20
220,0.7717,2018-01-08 23:26:07+00:00,0.0,0.676,0.324,CNN,Stars transformed the red carpet. Shows featuring women won awards. Then Oprah stole the show.‚Ä¶ https://t.co/LztubFPRYP,21
221,0.0,2018-01-08 23:21:05+00:00,0.0,1.0,0.0,CNN,"Engineers sue Google, alleging that it discriminates against conservatives, white people and men‚Ä¶ https://t.co/mbEteccHTf",22
222,-0.0258,2018-01-08 23:16:09+00:00,0.052,0.948,0.0,CNN,President Trump touts the tax law and rural broadband initiative in his speech at the American Farm Bureau in Nashv‚Ä¶ https://t.co/pqdIQwejzU,23
223,-0.3818,2018-01-08 23:11:07+00:00,0.26,0.612,0.128,CNN,Federal regulators have rejected a controversial Trump administration proposal to subsidize power plants like coal‚Ä¶ https://t.co/UJVphl6sjW,24
224,0.0,2018-01-08 23:06:04+00:00,0.0,1.0,0.0,CNN,"California Republican Rep. Ed Royce, the chairman of the House Foreign Affairs Committee, will not seek re-election‚Ä¶ https://t.co/Ks0o05xBgZ",25
225,0.2263,2018-01-08 23:01:03+00:00,0.101,0.759,0.139,CNN,"Fact-checking Michael Wolff: @CNNOpinion asked experts on free press and the presidency to weigh in on ""Fire and Fu‚Ä¶ https://t.co/pRjNINHt1J",26
226,-0.5719,2018-01-08 22:56:02+00:00,0.222,0.778,0.0,CNN,Rex Tillerson stands his ground in the face of Trump administration chaos https://t.co/qzeifFO9v0 https://t.co/hGucqUDtfo,27
227,0.3612,2018-01-08 22:47:11+00:00,0.0,0.848,0.152,CNN,An Oprah campaign might (literally) look like this | Analysis by CNN's Brenna Williams https://t.co/Ke1NPDqEJJ https://t.co/2lundLwzLH,28
228,-0.1902,2018-01-08 22:40:25+00:00,0.071,0.929,0.0,CNN,American voters are big fans of Oprah Winfrey -- but a poll last March found that most didn't want her to run for P‚Ä¶ https://t.co/YZlDkM79eM,29
229,-0.1847,2018-01-08 22:32:26+00:00,0.2,0.664,0.136,CNN,"""'If you make me happy, I don't care who else you make unhappy' is essentially the US foreign policy now."" - Michae‚Ä¶ https://t.co/MTxRWCgA7s",30
230,0.5859,2018-01-08 22:30:46+00:00,0.0,0.826,0.174,CNN,It's a complicated political question: How can the GOP give President Trump a win on the wall without alienating De‚Ä¶ https://t.co/l517xeC4bQ,31
231,0.0,2018-01-08 22:21:52+00:00,0.0,1.0,0.0,CNN,Oprah Winfrey's Golden Globes speech sends Weight Watchers stock soaring https://t.co/jxKSbqlIeM https://t.co/8uTgJhWU7L,32
232,0.0,2018-01-08 22:20:38+00:00,0.0,1.0,0.0,CNN,"The Trump administration's decision to end a program that allowed about 250,000 Salvadorans to stay in the US could‚Ä¶ https://t.co/V7K7ol43sK",33
233,0.0516,2018-01-08 22:16:20+00:00,0.155,0.644,0.201,CNN,"The United States has the worst overall child mortality rate compared with those of 19 other wealthy nations, accor‚Ä¶ https://t.co/CqdrL3NDSQ",34
234,0.0,2018-01-08 22:15:10+00:00,0.0,1.0,0.0,CNN,"Meet Kathryn Smith, the first woman to become a full-time coach in the NFL.

#BossFiles with @PoppyHarlowCNN: 

Lis‚Ä¶ https://t.co/DeAwBuIWZX",35
235,-0.8271,2018-01-08 22:03:32+00:00,0.339,0.661,0.0,CNN,"""Fire and Fury"" author Michael Wolff says 100 percent of the people around the President believe he's incapable of‚Ä¶ https://t.co/3hlV1S4Fl4",36
236,0.25,2018-01-08 22:00:52+00:00,0.0,0.889,0.111,CNN,"The Trump administration will end protections for more than 200,000 Salvadorans, granted by the Bush administration‚Ä¶ https://t.co/1VK579Z9YB",37
237,-0.296,2018-01-08 21:50:49+00:00,0.109,0.891,0.0,CNN,"No, this is not a painting. It‚Äôs a NASA image of Jupiter‚Äôs swirling cloud systems, enhanced by two citizen scientis‚Ä¶ https://t.co/noHxYkVubP",38
238,0.3612,2018-01-08 21:48:30+00:00,0.0,0.872,0.128,CNN,RT @CNNPolitics: An Oprah campaign might (literally) look like this | GIF analysis by CNN's Brenna Williams https://t.co/lgzE55uWJM https:/‚Ä¶,39
239,0.0,2018-01-08 21:34:04+00:00,0.0,1.0,0.0,CNN,"Ibuprofen taken in doses commonly used by athletes may be linked to male infertility, a new study finds‚Ä¶ https://t.co/btQxlo1oMG",40
240,-0.0516,2018-01-08 21:33:06+00:00,0.093,0.821,0.086,CNN,"RT @TheLeadCNN: .@jaketapper: It is difficult to ascertain just what the truth is behind the ‚ÄúFire and Fury‚Äù book since frankly, we have tw‚Ä¶",41
241,0.0,2018-01-08 21:32:39+00:00,0.0,1.0,0.0,CNN,"""Every time the President tweets, the White House goes into a spasm."" Michael Wolff, the author of a bombshell book‚Ä¶ https://t.co/mym8M9TXNM",42
242,0.4019,2018-01-08 21:27:49+00:00,0.0,0.876,0.124,CNN,Lawyers for President Trump are anticipating a request for him to talk to special counsel Robert Mueller and are di‚Ä¶ https://t.co/H0GtSPBa4v,43
243,0.4019,2018-01-08 21:21:23+00:00,0.0,0.876,0.124,CNN,Lawyers for President Trump are anticipating a request for him to talk to special counsel Robert Mueller and are di‚Ä¶ https://t.co/31FUpEnFg5,44
244,0.0,2018-01-08 21:20:12+00:00,0.0,1.0,0.0,CNN,"Facebook is shutting down M, an automated personal assistant once thought to be a text-based answer to services lik‚Ä¶ https://t.co/IKo3o3oWpz",45
245,0.6124,2018-01-08 21:08:39+00:00,0.0,0.773,0.227,CNN,"Apple has released new security updates for iPhones, iPads, and Macs to protect users from the Spectre flaw‚Ä¶ https://t.co/4FBhnud18f",46
246,0.0,2018-01-08 21:06:13+00:00,0.0,1.0,0.0,CNN,"Oprah would make an exceptional president, writes @sallykohn for @CNNOpinion https://t.co/Jr0RXSTf7a https://t.co/VHguceyOcp",47
247,0.0,2018-01-08 21:02:05+00:00,0.0,1.0,0.0,CNN,"Michael Wolff, the author of a book that has driven a wedge between President Trump and Steve Bannon, defends ""Fire‚Ä¶ https://t.co/8uzIV8GWXg",48
248,0.34,2018-01-08 20:53:11+00:00,0.0,0.876,0.124,CNN,Visa and Aflac are boosting their 401(k) match in the wake of the GOP tax overhaul https://t.co/IYfE1SdJuA https://t.co/EF4avE0WbX,49
249,0.0,2018-01-08 20:46:11+00:00,0.0,1.0,0.0,CNN,Pizza Hut is working on self-driving delivery trucks https://t.co/mtI2ynCP2I https://t.co/sZegOnd6Xq,50
250,0.0,2018-01-08 20:32:04+00:00,0.0,1.0,0.0,CNN,"Rancher Cliven Bundy was released from custody Monday, according to his attorney https://t.co/7UQuRecyt1 https://t.co/H97rUymsVk",51
251,0.2023,2018-01-08 20:27:08+00:00,0.0,0.899,0.101,CNN,Pope Francis once again tells breastfeeding moms it's fine to feed hungry babies in church https://t.co/tFIN9QfeKR https://t.co/9or9PSCDBe,52
252,-0.4215,2018-01-08 20:24:20+00:00,0.138,0.81,0.052,CNN,"Michael Wolff: Steve Bannon's recent statement backing away from his criticism of Donald Trump Jr. is ""not true""‚Ä¶ https://t.co/00QCBKJyx8",53
253,0.0,2018-01-08 20:20:18+00:00,0.0,1.0,0.0,CNN,A record-breaking 22 women are now serving in the US Senate https://t.co/rk4tZEaqDm https://t.co/kIjVa9H0PJ,54
254,0.0,2018-01-08 20:10:03+00:00,0.0,1.0,0.0,CNN,Here's what Oprah Winfrey said at the Golden Globes last night https://t.co/oJ7E60GG4j https://t.co/uLfVv6EqVR,55
255,0.0,2018-01-08 20:03:22+00:00,0.0,1.0,0.0,CNN,A conservative watchdog group led by Steve Bannon tried to discredit Donald Trump in the early stages of the 2016 G‚Ä¶ https://t.co/ogV8AHK2fV,56
256,0.3612,2018-01-08 20:00:20+00:00,0.0,0.865,0.135,CNN,"H&amp;M apologizes for using a black child to model a sweatshirt with a ""coolest monkey in the jungle"" slogan‚Ä¶ https://t.co/3LncKlJR4M",57
257,0.3612,2018-01-08 20:00:06+00:00,0.0,0.857,0.143,CNN,"With the press of a button, LG Display's 65-inch screen rolls up like a yoga mat https://t.co/8iKXUOG0G0 https://t.co/YUPG0FinkM",58
258,-0.6597,2018-01-08 19:50:11+00:00,0.196,0.804,0.0,CNN,"Just in: Mitt Romney was treated for prostate cancer over the summer. Source says his prognosis is ""good""‚Ä¶ https://t.co/rQjpinr0Jj",59
259,0.0,2018-01-08 19:40:06+00:00,0.0,1.0,0.0,CNN,The world's most punctual airports and airlines in 2018 revealed https://t.co/8BdoyelPs8 https://t.co/7KBcoYu2kb,60
260,-0.0516,2018-01-08 19:30:07+00:00,0.054,0.946,0.0,CNN,"Vice President Mike Pence will leave late next week for a Middle East trip that will take him to Egypt, Jordan and‚Ä¶ https://t.co/B01uWHpDcy",61
261,0.0,2018-01-08 19:20:09+00:00,0.0,1.0,0.0,CNN,"This is where the jobs are, and where they're not https://t.co/6qcbwqeiS6 https://t.co/fxOf8dOwGF",62
262,0.0,2018-01-08 19:10:06+00:00,0.0,1.0,0.0,CNN,‚ÄúI wasn't about the naysayers. I wanted to work extra hard‚Äù: How Kathryn Smith defied the odds and became the first‚Ä¶ https://t.co/hpFdpgUDvW,63
263,-0.6486,2018-01-08 19:00:10+00:00,0.301,0.699,0.0,CNN,64 migrants believed dead after boat sinks in Mediterranean https://t.co/r0MpOLqXq6 https://t.co/zVdhV20jPY,64
264,0.0,2018-01-08 18:50:11+00:00,0.0,1.0,0.0,CNN,6 times Oprah stoked or shot down 2020 speculation https://t.co/A0QTKeWeFZ https://t.co/ylR5k2sYrx,65
265,0.0,2018-01-08 18:40:11+00:00,0.0,1.0,0.0,CNN,"If Mitt Romney wants to become Utah's next senator, there's virtually nothing standing in the 2012 Republican presi‚Ä¶ https://t.co/8reKntl31h",66
266,0.0,2018-01-08 18:30:56+00:00,0.0,1.0,0.0,CNN,"In a 1999 interview with Larry King, Donald Trump said that his first choice for a running mate would be Oprah Winf‚Ä¶ https://t.co/l5XPljN5VS",67
267,0.0,2018-01-08 18:20:07+00:00,0.0,1.0,0.0,CNN,Removing a President using the 25th amendment would require a political apocalypse | Analysis by @zbyronwolf¬†‚Ä¶ https://t.co/l9XrU8kDSX,68
268,0.8126,2018-01-08 18:10:16+00:00,0.0,0.684,0.316,CNN,"""She knows how to win""

""I adore Oprah""

Here's what Trump tweeted about Oprah in 2012: https://t.co/UNHSF2P0ZI https://t.co/G5eun8bAkk",69
269,0.6705,2018-01-08 18:00:16+00:00,0.0,0.718,0.282,CNN,Steve Bannon knows the secret to getting back in Trump's good graces | Analysis by @CillizzaCNN‚Ä¶ https://t.co/AdMp3q4TYL,70
270,0.0,2018-01-08 17:52:25+00:00,0.0,1.0,0.0,CNN,"Former independent counsel Ken Starr said Monday it's ""probable"" that President Trump will be interviewed face-to-f‚Ä¶ https://t.co/Uwg3O0rWHT",71
271,-0.4215,2018-01-08 17:41:55+00:00,0.135,0.865,0.0,CNN,"First, a ‚Äúbomb cyclone‚Äù stranded some travelers at JFK Airport for days. Then a water main broke and flooded a bagg‚Ä¶ https://t.co/15sydHfrJ8",72
272,0.6597,2018-01-08 17:30:04+00:00,0.0,0.759,0.241,CNN,"Oprah Winfrey is actively thinking about running for president in 2020, two of her close friends tell CNN‚Ä¶ https://t.co/BpVatGk2IA",73
273,0.3612,2018-01-08 17:20:04+00:00,0.0,0.865,0.135,CNN,"H&amp;M apologizes for using a black child to model a sweatshirt with a ""coolest monkey in the jungle"" slogan‚Ä¶ https://t.co/0YKh8QiuiU",74
274,0.0,2018-01-08 17:10:11+00:00,0.0,1.0,0.0,CNN,Billionaire Democratic megadonor Tom Steyer says he is not running for office in 2018 but will spend $30 million on‚Ä¶ https://t.co/v5xdC74n9M,75
275,0.4404,2018-01-08 17:00:04+00:00,0.0,0.818,0.182,CNN,Everything you need to know about tonight's College Football Playoff National Championship https://t.co/FhsvOJP9xX https://t.co/bDG4Tvjg7f,76
276,0.0,2018-01-08 16:51:02+00:00,0.0,1.0,0.0,CNN,"Sen. Bob Corker, who is traveling today on Air Force One with President Trump, has repaired his relationship with t‚Ä¶ https://t.co/08W6Rf7UjF",77
277,0.5267,2018-01-08 16:40:12+00:00,0.0,0.638,0.362,CNN,Samantha Barry named Glamour editor-in-chief https://t.co/51ofIh4CKF https://t.co/lQlXBv0giz,78
278,0.0,2018-01-08 16:40:12+00:00,0.0,1.0,0.0,CNN,Oprah knew exactly what she was doing on Sunday night | Analysis by @CillizzaCNN https://t.co/xjKabk5X6i https://t.co/cHR4UJaghV,79
279,0.0,2018-01-08 16:30:16+00:00,0.0,1.0,0.0,CNN,"Britain's Princess Charlotte, youngest child of the Duke and Duchess of Cambridge, started nursery school on Monday‚Ä¶ https://t.co/XQNcXjP0ql",80
280,0.0,2018-01-08 16:20:10+00:00,0.0,1.0,0.0,CNN,"In a 1999 interview with Larry King, Donald Trump said that his first choice for a running mate would be Oprah Winf‚Ä¶ https://t.co/0MpszMASLR",81
281,-0.7845,2018-01-08 16:12:47+00:00,0.317,0.683,0.0,CNN,"Two people injured after a fire broke out on the roof of Trump Tower in New York City, authorities say‚Ä¶ https://t.co/ljIDJEyPtm",82
282,0.8126,2018-01-08 16:00:49+00:00,0.0,0.684,0.316,CNN,"""She knows how to win""

""I adore Oprah""

Here's what Trump tweeted about Oprah in 2012: https://t.co/5tipFwFnKt https://t.co/FvVhtJwdGI",83
283,0.2732,2018-01-08 15:47:11+00:00,0.0,0.89,0.11,CNN,"The Trump administration will end protections for certain nationals of El Salvador, a source familiar with the deci‚Ä¶ https://t.co/80O0ZX0BaD",84
284,-0.5574,2018-01-08 15:37:42+00:00,0.175,0.825,0.0,CNN,"NOAA announces 2017 was the most expensive year on record for US weather disasters, costing $306 billion‚Ä¶ https://t.co/hSUu12Ih9l",85
285,0.0,2018-01-08 15:26:10+00:00,0.0,1.0,0.0,CNN,Here's what Oprah Winfrey said at the Golden Globes last night https://t.co/5OhZO0Lf7s https://t.co/92Jg52kiI2,86
286,0.6597,2018-01-08 15:13:17+00:00,0.0,0.779,0.221,CNN,"JUST IN: Oprah Winfrey is actively thinking about running for President in 2020, two of her close friends tell CNN‚Ä¶ https://t.co/MTOfbFs1hj",87
287,0.0,2018-01-08 14:50:34+00:00,0.0,1.0,0.0,CNN,"In the US, the rate of children injuring their eyes with air guns skyrocketed between 1990 and 2012‚Ä¶ https://t.co/caDglLpVeh",88
288,0.7717,2018-01-08 14:36:15+00:00,0.0,0.676,0.324,CNN,Stars transformed the red carpet. Shows featuring women won awards. Then Oprah stole the show.‚Ä¶ https://t.co/UrXYCKACnO,89
289,0.0,2018-01-08 14:20:45+00:00,0.0,1.0,0.0,CNN,"Former independent counsel Ken Starr said Monday it's ""probable"" that President Trump will be interviewed face-to-f‚Ä¶ https://t.co/ZlUzOPOXsL",90
290,0.3612,2018-01-08 14:05:03+00:00,0.0,0.839,0.161,CNN,Oprah's Golden Globes speech sounds like the start of a presidential campaign | via @BrianStelter‚Ä¶ https://t.co/MijS85yfB2,91
291,0.0,2018-01-08 13:54:42+00:00,0.0,1.0,0.0,CNN,"Meet Kathryn Smith, the first woman to become a full-time coach in the NFL.

#BossFiles with @PoppyHarlowCNN: 

Lis‚Ä¶ https://t.co/W2dXx3adXG",92
292,0.3612,2018-01-08 13:39:36+00:00,0.0,0.865,0.135,CNN,"H&amp;M apologizes for using a black child to model a sweatshirt with a ""coolest monkey in the jungle"" slogan‚Ä¶ https://t.co/y7EbbZfcj5",93
293,0.34,2018-01-08 13:25:15+00:00,0.0,0.876,0.124,CNN,A former adviser to President Trump's presidential campaign says giving author Michael Wolff access at the White Ho‚Ä¶ https://t.co/EKCQUEC7w5,94
294,0.1511,2018-01-08 13:10:04+00:00,0.0,0.93,0.07,CNN,"""I want all the girls watching here, now, to know that a new day is on the horizon!"": Read Oprah Winfrey's rousing‚Ä¶ https://t.co/5MAXNKZR8L",95
295,0.7717,2018-01-08 13:01:35+00:00,0.0,0.705,0.295,CNN,"Stars transformed the red carpet. Shows featuring women won awards. Then Oprah stole the show. 

The #GoldenGlobes‚Ä¶ https://t.co/3MMTFJdLmj",96
296,0.0,2018-01-08 12:50:13+00:00,0.0,1.0,0.0,CNN,"RT @NewDay: Will President Trump meet with Robert Mueller in the Russia probe?

Sen. Richard Blumenthal says, ""Unquestionably, there has to‚Ä¶",97
297,0.0,2018-01-08 12:50:02+00:00,0.0,1.0,0.0,CNN,"5 things for Monday:

- #GoldenGlobes
- Politics
- North and South Korea
- Las Vegas shooting
- Weather‚Ä¶ https://t.co/YkRfGEq2zD",98
298,0.0,2018-01-08 12:40:06+00:00,0.0,1.0,0.0,CNN,"President Trump's physical is scheduled for Friday, but it's unlikely to shed light on the President's mental fitne‚Ä¶ https://t.co/vc7h9eoFde",99
299,0.4767,2018-01-08 12:30:03+00:00,0.0,0.721,0.279,CNN,Here's the full list of #GoldenGlobes winners https://t.co/lLZBW8GaHU https://t.co/2TXnmjW2KQ,100
300,0.0,2018-01-09 01:36:06+00:00,0.0,1.0,0.0,FoxNews,"Stephen Miller on @POTUS' immigration reform plan: ""When we have an immigration system, whose needs are we fundamen‚Ä¶ https://t.co/iBb8z74N3Y",1
301,0.0,2018-01-09 01:34:03+00:00,0.0,1.0,0.0,FoxNews,"Stephen Miller on @POTUS' immigration reform plan: ""If Democrats oppose a border wall, they're just saying they wan‚Ä¶ https://t.co/ulAAzhof8p",2
302,0.0,2018-01-09 01:30:56+00:00,0.0,1.0,0.0,FoxNews,"Stephen Miller on #Trump's immigration reform plan: ""@POTUS has a very 'radical' idea. And that's that when we make‚Ä¶ https://t.co/RTwNA36WXr",3
303,-0.34,2018-01-09 01:25:26+00:00,0.124,0.876,0.0,FoxNews,.@WhiteHouse senior policy adviser Stephen Miller talks to @TuckerCarlson about his fiery interview on @CNN over th‚Ä¶ https://t.co/nzd74yWLpX,4
304,-0.4588,2018-01-09 01:18:04+00:00,0.2,0.8,0.0,FoxNews,.@RepMikeTurner The Obama-era neglect of our military must come to an end  https://t.co/qwPJVvIKIf,5
305,0.5574,2018-01-09 01:01:03+00:00,0.0,0.753,0.247,FoxNews,Hero whale saves snorkeler from tiger shark in the Pacific Ocean https://t.co/zxIDtoSomQ,6
306,0.0,2018-01-09 00:55:04+00:00,0.0,1.0,0.0,FoxNews,"TUNE IN: @WhiteHouse Senior Policy Advisor Stephen Miller speaks to @TuckerCarlson at 8p ET on ""Tucker Carlson Toni‚Ä¶ https://t.co/TvQ4Lif48A",7
307,-0.5719,2018-01-09 00:49:10+00:00,0.171,0.829,0.0,FoxNews,".@TGowdySC on plans to speak w/ Steve Bannon on his claims of treasonous behavior in Trump campaign: ""Yes...Treason‚Ä¶ https://t.co/USt1CoFpsG",8
308,0.0,2018-01-09 00:45:00+00:00,0.0,1.0,0.0,FoxNews,.@POTUS bashing 2018 #GoldenGlobes ratings down from 2017 https://t.co/nQ2ptua55T,9
309,0.0,2018-01-09 00:34:08+00:00,0.0,1.0,0.0,FoxNews,".@SteveScalise: ""When you're in meetings with @POTUS, it's all business. You've got a man here who wants to get our‚Ä¶ https://t.co/ixFFxphnQj",10
310,0.0,2018-01-09 00:24:04+00:00,0.0,1.0,0.0,FoxNews,".@benshapiro on @Oprah possibly running for president in 2020: ""If there are people who are very famous, and we've‚Ä¶ https://t.co/YhBsFKiLBW",11
311,0.8555,2018-01-09 00:13:02+00:00,0.0,0.669,0.331,FoxNews,"""The United States is a wonderful country and it is a much better place to live than a lot of places on Earth, but.‚Ä¶ https://t.co/GlNrnZNgtk",12
312,0.0,2018-01-09 00:04:24+00:00,0.0,1.0,0.0,FoxNews,"""#DonaldTrump ran for office saying he was going to change immigration laws...That's what he's doing here."" ‚Äî‚Ä¶ https://t.co/Wsi36Lsg8f",13
313,-0.3182,2018-01-08 23:56:49+00:00,0.333,0.46,0.207,FoxNews,"Norman Roule on Iran protests: ""Clearly the protesters have valid grievances and clearly this is a repressive gover‚Ä¶ https://t.co/srCP8TQqOp",14
314,-0.765,2018-01-08 23:56:26+00:00,0.521,0.479,0.0,FoxNews,Dem-ordered study to expose illegal online gun sales backfires https://t.co/c3LCWCVppS,15
315,0.5106,2018-01-08 23:38:03+00:00,0.073,0.728,0.199,FoxNews,"""ARE YOU IN?"": A father, and Georgia Bulldogs fan, breaks down in tears when his son gives him the ultimate gift: t‚Ä¶ https://t.co/eMR3faC6WC",16
316,0.0,2018-01-08 23:29:58+00:00,0.0,1.0,0.0,FoxNews,"James Damore sues @Google, claims tech giant discriminates against white conservative men https://t.co/vBAUrIiwBm",17
317,0.4588,2018-01-08 23:23:30+00:00,0.0,0.786,0.214,FoxNews,"Grand jury seeks testimony about @SenSanders' wife, $10M college loan: report  https://t.co/48TbQEZzre",18
318,0.0,2018-01-08 23:22:01+00:00,0.0,1.0,0.0,FoxNews,"This week's #PAFarmShow features this butter sculpture which depicts a dairy cow, dairy farmer, agronomist, milk pr‚Ä¶ https://t.co/JfHUbZbdHX",19
319,0.6114,2018-01-08 23:12:01+00:00,0.0,0.765,0.235,FoxNews,Penguins at the @MilwaukeeCoZoo‚Äã are happy to hop on the scale for fish! https://t.co/yPh6otCyQn,20
320,0.4019,2018-01-08 23:10:27+00:00,0.0,0.787,0.213,FoxNews,.@NancyPelosi's Son Posts Photo With @IvankaTrump at Mar-A-Lago NYE Party https://t.co/YT1U6eFdaY,21
321,-0.612,2018-01-08 23:00:04+00:00,0.267,0.733,0.0,FoxNews,"It's Kim Jong Un's birthday (probably), but North Koreans aren't celebrating https://t.co/SNqdKWDYTj",22
322,0.25,2018-01-08 22:51:00+00:00,0.0,0.857,0.143,FoxNews,.@POTUS tells farming convention the ‚ÄòAmerican dream is roaring back to life‚Äô https://t.co/zp55oFgeRa,23
323,-0.34,2018-01-08 22:43:38+00:00,0.112,0.888,0.0,FoxNews,".@JesseBWatters on Michael Wolff's @WhiteHouse book 'Fire and Fury': ""The main point of the book was that @POTUS di‚Ä¶ https://t.co/0mGfkKgAQv",24
324,-0.4404,2018-01-08 22:30:40+00:00,0.132,0.868,0.0,FoxNews,".@kimguilfoyle on attacks on @POTUS' 'mental fitness': ""So, how did he get into the @WhiteHouse?...He did all the d‚Ä¶ https://t.co/jmCzJc0iQg",25
325,0.2263,2018-01-08 22:23:03+00:00,0.134,0.671,0.195,FoxNews,.@NAACP calls for 'snowflake' protest against #Trump at College Football Championship https://t.co/YWhjZSbCYI,26
326,0.0,2018-01-08 22:15:05+00:00,0.0,1.0,0.0,FoxNews,"TONIGHT: @WhiteHouse Policy Advisor Stephen Miller speaks to @TuckerCarlson at 8p ET on ""Tucker Carlson Tonight.""‚Ä¶ https://t.co/DP4EMb8bR1",27
327,0.0,2018-01-08 22:14:02+00:00,0.0,1.0,0.0,FoxNews,"During remarks at the American Farm Bureau Federation Convention in Nashville, TN, @POTUS had this to say about the‚Ä¶ https://t.co/jRlotgffoa",28
328,0.7311,2018-01-08 22:08:53+00:00,0.0,0.745,0.255,FoxNews,".@POTUS: ""We are witnessing a new era of patriotism, prosperity, and pride, and at the forefront of this exciting n‚Ä¶ https://t.co/xDfBlAxOH0",29
329,-0.3182,2018-01-08 22:08:12+00:00,0.15,0.85,0.0,FoxNews,.@TheJusticeDept official who concealed meetings with #Trump dossier figures loses another job title https://t.co/vTkII3kbDG,30
330,-0.1779,2018-01-08 22:04:42+00:00,0.21,0.641,0.149,FoxNews,".@POTUS: ""Our task is to preserve the freedom that American soldiers have fought for and died for in every generati‚Ä¶ https://t.co/XtYNE2OdmV",31
331,0.6808,2018-01-08 22:00:11+00:00,0.0,0.763,0.237,FoxNews,".@POTUS: ""Every American child deserves to grow up in a safe community and to live a life full of dignity, purpose‚Ä¶ https://t.co/FYUnr314Bu",32
332,0.0,2018-01-08 21:55:42+00:00,0.0,1.0,0.0,FoxNews,".@POTUS: ""We are going to end chain migration. We are going to end the lottery system, and we are going to build th‚Ä¶ https://t.co/8mtpWySRxn",33
333,0.3182,2018-01-08 21:54:14+00:00,0.122,0.655,0.223,FoxNews,"""We're also moving swiftly to bring hope and prosperity to struggling rural communities."" - @POTUS signs two execut‚Ä¶ https://t.co/xc836etyby",34
334,0.0772,2018-01-08 21:49:57+00:00,0.0,0.925,0.075,FoxNews,".@POTUS: ""We want to see even more victories for the American farmer and the American rancher."" https://t.co/WVMHftBr3q",35
335,0.3182,2018-01-08 21:48:19+00:00,0.0,0.867,0.133,FoxNews,JUST IN: President #Trump signs two executive orders to expand broadband access in rural areas https://t.co/CdtfA6tAtZ,36
336,0.4939,2018-01-08 21:47:30+00:00,0.076,0.763,0.16,FoxNews,".@POTUS: ""There's plenty of space for people to express their views, and to protest. But we love our flag, we love‚Ä¶ https://t.co/RMkA65HhGO",37
337,0.0258,2018-01-08 21:42:51+00:00,0.207,0.622,0.17,FoxNews,".@POTUS: ""We're fighting for our farmers...and we're fighting for our country, and for our great American flag."" https://t.co/MT57vbDEJy",38
338,-0.4767,2018-01-08 21:39:40+00:00,0.255,0.745,0.0,FoxNews,".@POTUS speaking to the American Farm Bureau Federation: ""You are forgotten no more."" https://t.co/IXGscbC3lB",39
339,-0.807,2018-01-08 21:35:21+00:00,0.267,0.733,0.0,FoxNews,".@POTUS: ""You're going to be spared...of the deeply unfair estate tax, known as the 'death tax.' So, you can keep y‚Ä¶ https://t.co/BvZCJ0D3wa",40
340,-0.2732,2018-01-08 21:32:50+00:00,0.087,0.913,0.0,FoxNews,".@POTUS: ""Under this new law, the typical family of four earning $75,000 will see an income tax cut of more than $2‚Ä¶ https://t.co/kWJ9KtRyrL",41
341,0.4767,2018-01-08 21:28:44+00:00,0.0,0.829,0.171,FoxNews,".@POTUS: ""Republicans came together and delivered historic relief for our farmers and our middle class."" https://t.co/CLkunkhWws",42
342,0.5719,2018-01-08 21:27:30+00:00,0.0,0.812,0.188,FoxNews,".@POTUS: ""We know that our nation was founded by farmers. Our independence was won by farmers."" https://t.co/0TyUtPwyxt",43
343,0.0,2018-01-08 21:23:31+00:00,0.0,1.0,0.0,FoxNews,".@POTUS: ""Farmers have always, always, always led the way."" https://t.co/IhdUBGP5ts",44
344,0.0,2018-01-08 21:20:42+00:00,0.0,1.0,0.0,FoxNews,".@POTUS: ""We have been working every day to deliver for America's farmers, just as they work every single day to de‚Ä¶ https://t.co/7dgeQgrloK",45
345,0.0,2018-01-08 21:18:23+00:00,0.0,1.0,0.0,FoxNews,".@POTUS: ""Here as the state slogan goes: 'We see America at its absolute best,' and you're doing well."" https://t.co/ZXHxuOQtfd",46
346,0.0,2018-01-08 21:12:37+00:00,0.0,1.0,0.0,FoxNews,.@POTUS is expected to discuss trade and economic issues in Nashville speech https://t.co/GgIRJCYmPM,47
347,0.7506,2018-01-08 21:09:26+00:00,0.0,0.701,0.299,FoxNews,"""[@realDonaldTrump] is like every politician; he wants to be loved a little bit."" Former Reagan Campaign Manager‚Ä¶ https://t.co/7MH993MWk2",48
348,0.0,2018-01-08 21:04:35+00:00,0.0,1.0,0.0,FoxNews,"TUNE IN: @POTUS to deliver remarks to the American Farm Bureau Federation in Nashville, Tennessee. https://t.co/xCLL1a8GhF",49
349,-0.6705,2018-01-08 20:58:29+00:00,0.391,0.609,0.0,FoxNews,"Washington state deputy killed, prompting massive manhunt https://t.co/pie42JhUZX",50
350,-0.0772,2018-01-08 20:56:58+00:00,0.163,0.698,0.14,FoxNews,Ex-wife of slain NBA player agrees to face Tennessee charges https://t.co/PfuFIwazCG,51
351,0.4926,2018-01-08 20:52:10+00:00,0.0,0.834,0.166,FoxNews,OPINION: Why 2018 could truly be historic for small business (and it's about time!) (via @FoxNewsOpinion) https://t.co/FBYaSIMrSF,52
352,0.3612,2018-01-08 20:31:04+00:00,0.0,0.872,0.128,FoxNews,".@bykowicz on Michael Wolff's book: ""I feel like this is a story that isn't going away anytime soon.""‚Ä¶ https://t.co/bheE3VUuyL",53
353,0.0,2018-01-08 20:27:54+00:00,0.0,1.0,0.0,FoxNews,Former #Trump administration officials: Where are they now? https://t.co/DjEVSzXxUH,54
354,-0.5719,2018-01-08 20:26:04+00:00,0.239,0.761,0.0,FoxNews,Trump org attorneys slam ultra-luxe NYC condo building for trying to drop #Trump name from doorway https://t.co/XLmX7yx19q,55
355,0.0,2018-01-08 20:23:54+00:00,0.0,1.0,0.0,FoxNews,"Texas A&amp;M football reporter Courtney Roland found unharmed, police say https://t.co/MfMns0ftXX",56
356,-0.2263,2018-01-08 20:22:37+00:00,0.137,0.863,0.0,FoxNews,'Fixer Upper' star @joannagaines demands $150K to take part in lawsuit deposition https://t.co/P4ssEry5Dp,57
357,0.4019,2018-01-08 20:16:05+00:00,0.0,0.838,0.162,FoxNews,OPINION: Earmarks - those special taxpayer-funded 'favors' for members of Congress - may be back (via‚Ä¶ https://t.co/Afzy5kF4Us,58
358,0.0,2018-01-08 20:12:35+00:00,0.0,1.0,0.0,FoxNews,.@POTUS arrives in Nashville for speech to American Farm Bureau Federation https://t.co/1pIshXDcDA,59
359,0.0,2018-01-08 20:08:23+00:00,0.0,1.0,0.0,FoxNews,"#Trump lawyers consider possible interview of president by Mueller team, @johnrobertsFox reports‚Ä¶ https://t.co/eLMWu342rk",60
360,-0.3182,2018-01-08 20:03:50+00:00,0.15,0.85,0.0,FoxNews,DOJ official who concealed meetings with #Trump dossier figures loses another job title https://t.co/lW2kqSSLDc,61
361,0.0,2018-01-08 19:57:14+00:00,0.0,1.0,0.0,FoxNews,.@KatTimpf Teaches Her Own 'Masterclass': How to Be a Cable News Pundit https://t.co/xrxY2tJ1E4,62
362,0.0,2018-01-08 19:53:32+00:00,0.0,1.0,0.0,FoxNews,.@Judgenap: Mueller Believes Manafort Will Roll Over on President #Trump https://t.co/BgvGb1uQRr,63
363,0.0,2018-01-08 19:52:48+00:00,0.0,1.0,0.0,FoxNews,"OPINION: @SteveHiltonx: Say goodbye to Alexa and Siri, resist the temptations of Google Home and make your life mor‚Ä¶ https://t.co/apem8SGEgP",64
364,-0.2732,2018-01-08 19:48:30+00:00,0.16,0.84,0.0,FoxNews,"All charges against rancher Cliven Bundy, three others are dismissed https://t.co/Ln4b9FVDPj https://t.co/SPtuUT77It",65
365,-0.7906,2018-01-08 19:45:16+00:00,0.438,0.562,0.0,FoxNews,"3 dead, 1 injured in apparent murder-suicide at Texas resort, police say https://t.co/ZVDV2PPINg",66
366,0.7783,2018-01-08 19:43:05+00:00,0.0,0.726,0.274,FoxNews,"""DRAIN THE PUTT"": A @ClemsonUniv student made the crowd erupt into cheers after he sank a 94-foot putt and won $10,‚Ä¶ https://t.co/8keK8wnWI2",67
367,0.0,2018-01-08 19:42:29+00:00,0.0,1.0,0.0,FoxNews,WikiLeaks tweets then deletes link to text of new #Trump book https://t.co/M6qoYwYFDX,68
368,-0.4588,2018-01-08 19:37:47+00:00,0.167,0.833,0.0,FoxNews,OPINION: @RepMikeTurner: The Obama-era neglect of our military must come to an end (via @FoxNewsOpinion) https://t.co/75TTTDusqA,69
369,-0.9349,2018-01-08 19:34:27+00:00,0.504,0.496,0.0,FoxNews,"MS-13 gang member who stabbed 15-year-old girl 13 times, sliced off tattoo pleads guilty to brutal killing https://t.co/Q2DCwPSwnF",70
370,0.3182,2018-01-08 19:31:05+00:00,0.0,0.892,0.108,FoxNews,"Marie Harf on celebrities dubbing @Oprah 'our future president': ""All of these old rules about what is acceptable d‚Ä¶ https://t.co/u1kD0945EA",71
371,-0.3612,2018-01-08 19:27:54+00:00,0.254,0.578,0.168,FoxNews,"JUST IN: @MittRomney treated over summer for prostate cancer, prognosis good https://t.co/jd6xzQSTlu",72
372,0.4019,2018-01-08 19:27:06+00:00,0.0,0.856,0.144,FoxNews,".@HolmesJosh on celebrities dubbing @Oprah 'our future president':  ""What you're looking at is a Democratic Party t‚Ä¶ https://t.co/BCVlfP4upG",73
373,-0.612,2018-01-08 19:20:08+00:00,0.267,0.733,0.0,FoxNews,"It's Kim Jong Un's birthday (probably), but North Koreans aren't celebrating https://t.co/LW21Oue5zE",74
374,0.5574,2018-01-08 19:14:56+00:00,0.0,0.753,0.247,FoxNews,Hero whale saves snorkeler from tiger shark in the Pacific Ocean https://t.co/62h0QMnvo4,75
375,0.0,2018-01-08 19:11:48+00:00,0.0,1.0,0.0,FoxNews,".@RepLizCheney: ""One of the things you can count on with this president is he's not going to be somebody who agrees‚Ä¶ https://t.co/KfZR7Lhzmo",76
376,-0.8442,2018-01-08 19:05:46+00:00,0.503,0.497,0.0,FoxNews,Richie Incognito accused of using 'weak racist slurs' during Jacksonville game https://t.co/q3dpnXyCLP,77
377,0.0,2018-01-08 18:59:40+00:00,0.0,1.0,0.0,FoxNews,Marchesa designs absent from #GoldenGlobes red carpet https://t.co/dAEeZ8GHo4,78
378,0.0,2018-01-08 18:56:36+00:00,0.0,1.0,0.0,FoxNews,#Trump administration ends TPS for El Salvador immigrants: What are these temporary protections? https://t.co/Vey7kLfQvU,79
379,0.3182,2018-01-08 18:53:08+00:00,0.0,0.874,0.126,FoxNews,Loretta Lynn's sister Crystal Gayle asks fans to pray for country legend after Lynn breaks hip https://t.co/uSQySDyu6n,80
380,-0.765,2018-01-08 18:51:09+00:00,0.458,0.542,0.0,FoxNews,Dem-ordered study to expose illegal online gun sales backfires (via @brookefoxnews) https://t.co/qdH76Yc711,81
381,0.0,2018-01-08 18:45:45+00:00,0.0,1.0,0.0,FoxNews,Princess Charlotte starts 1st day of school with new portraits https://t.co/2SQvAg9kDw https://t.co/CDVTdUmzlj,82
382,0.5095,2018-01-08 18:41:54+00:00,0.0,0.838,0.162,FoxNews,".@JessicaTarlov: ""I think that working together is going to really benefit Democrats at this point, because America‚Ä¶ https://t.co/EmfFCpwNdN",83
383,0.0,2018-01-08 18:38:43+00:00,0.0,1.0,0.0,FoxNews,CES 2018: LG Display unveils 65-inch rollable TV https://t.co/f8Qpewd0xr,84
384,0.4404,2018-01-08 18:35:29+00:00,0.0,0.861,0.139,FoxNews,".@RepDeSantis: Kim Jong Un ""wants to hold onto power at all costs. He's running a country that's effectively a pris‚Ä¶ https://t.co/I9iJ4aR5IN",85
385,0.6369,2018-01-08 18:32:47+00:00,0.0,0.802,0.198,FoxNews,"RT @EricShawnTV: Insight on bringing freedom to #Iran as #Iranprotests, #Iranainprotests and #Iranianprotesters  vow to continue their defi‚Ä¶",86
386,0.1513,2018-01-08 18:30:46+00:00,0.0,0.935,0.065,FoxNews,"""If you're Kim Jong Un you've got to look at this president and say, 'This may not be somebody I really want to mes‚Ä¶ https://t.co/XRI5mRgZsn",87
387,-0.765,2018-01-08 18:29:20+00:00,0.458,0.542,0.0,FoxNews,"Dem-ordered study to expose illegal online gun sales backfires - via @brookefoxnews
https://t.co/aLzqz0Bah6",88
388,0.7615,2018-01-08 18:26:17+00:00,0.0,0.681,0.319,FoxNews,"If you have a case of the Mondays, watch this adorable video of baby sisters hugging. https://t.co/UdEY208BHF",89
389,-0.2732,2018-01-08 18:21:37+00:00,0.139,0.861,0.0,FoxNews,BREAKING: Federal judge dismisses all charges against Nevada rancher Cliven Bundy and 3 others https://t.co/Ln4b9FVDPj,90
390,0.0,2018-01-08 18:18:15+00:00,0.0,1.0,0.0,FoxNews,"President #Trump departs Joint Base Andrews for speech to American Farm Bureau in Nashville, TN https://t.co/WZ2BYl1R97",91
391,0.5945,2018-01-08 18:13:18+00:00,0.0,0.795,0.205,FoxNews,".@RajShah45: ""[The #Trump Administration has] had so many tremendous successes, with @POTUS leading this spectacula‚Ä¶ https://t.co/nsV432haSZ",92
392,-0.683,2018-01-08 18:06:57+00:00,0.228,0.772,0.0,FoxNews,".@RajShah45 on  Michael Wolff‚Äôs book ‚ÄúFire and Fury: Inside the Trump White House‚Äù: ""This book has little to no cre‚Ä¶ https://t.co/wyGscYQORA",93
393,0.5574,2018-01-08 17:57:39+00:00,0.0,0.795,0.205,FoxNews,Florida couple's 'getaway' treehouse must come down after Supreme Court declines to hear case https://t.co/xJu37kcXQs,94
394,-0.0516,2018-01-08 17:54:22+00:00,0.225,0.618,0.157,FoxNews,"Girl saved by firefighters, nurses at basketball tournament after falling into cardiac arrest https://t.co/ekIlx6gDsh",95
395,0.3612,2018-01-08 17:52:41+00:00,0.166,0.51,0.325,FoxNews,Supreme Court won't step into Mississippi gay rights legal fight https://t.co/ajDwJ5zMDy,96
396,0.2263,2018-01-08 17:49:01+00:00,0.134,0.671,0.195,FoxNews,.@NAACP calls for 'snowflake' protest against #Trump at College Football Championship https://t.co/8vyDt2UbbX,97
397,-0.3612,2018-01-08 17:46:59+00:00,0.217,0.783,0.0,FoxNews,"Obamas criticized for lavish library plans, including 'test kitchen' https://t.co/KUnZXeED7P",98
398,-0.4404,2018-01-08 17:37:34+00:00,0.153,0.847,0.0,FoxNews,".@KennedyNation on Steve Bannon's #Trump criticism: ""When you go after [@POTUS'] family, and particularly his child‚Ä¶ https://t.co/UK94HTD5gk",99
399,0.1779,2018-01-08 17:28:58+00:00,0.15,0.654,0.196,FoxNews,Barbra Streisand slams Golden Globes for lack of female director awards https://t.co/cMVizyjgRu,100
400,0.0258,2018-01-09 01:34:02+00:00,0.268,0.458,0.275,nytimes,"The best and worst of the Golden Globes
https://t.co/e9hdEhCDAZ",1
401,0.0,2018-01-09 01:19:37+00:00,0.0,1.0,0.0,nytimes,"Alabama and Georgia, 2 titans of the Southeastern Conference, square off for college football's national championsh‚Ä¶ https://t.co/hDHKEfVDgT",2
402,0.0772,2018-01-09 01:02:06+00:00,0.0,0.939,0.061,nytimes,"In Washington, a number of people trying to skate or walk across the surface of the Reflecting Pool on the National‚Ä¶ https://t.co/YFzqvtcGdO",3
403,-0.1531,2018-01-09 00:47:03+00:00,0.118,0.882,0.0,nytimes,Awkward: Sam Brownback said he was leaving as Kansas governor. He hasn‚Äôt. https://t.co/elL9I1oy5e,4
404,0.0,2018-01-09 00:32:04+00:00,0.0,1.0,0.0,nytimes,New York City will be the first major metropolis to redraw its flood maps taking into account the realities of clim‚Ä¶ https://t.co/b1f5yt7qxb,5
405,0.8442,2018-01-09 00:17:05+00:00,0.0,0.722,0.278,nytimes,"RT @marcatracy: The quarterback of Nick Saban's first national champion is now a dentist. Now at Alabama, the greatest coach of this era li‚Ä¶",6
406,0.0,2018-01-09 00:02:02+00:00,0.0,1.0,0.0,nytimes,"What ultimately salvages Michael Wolff's book are the moments when he all but makes Steve Bannon his co-author, our‚Ä¶ https://t.co/YIsmoiXjWi",7
407,0.0,2018-01-08 23:47:04+00:00,0.0,1.0,0.0,nytimes,Evening Briefing: Here's what you need to know at the end of the day https://t.co/XR5g95FV2r,8
408,0.4404,2018-01-08 23:32:05+00:00,0.0,0.873,0.127,nytimes,The charred parchment from Egypt holds an early copy of the Acts of the Apostles. Scientists hope to reconstruct th‚Ä¶ https://t.co/deCPm1FPlc,9
409,0.0,2018-01-08 23:23:02+00:00,0.0,1.0,0.0,nytimes,RT @NYTSports: We're about two hours from #CFPNationalChampionship kickoff. @marcatracy provides some pregame snacks.  https://t.co/aB2hwbr‚Ä¶,10
410,0.0,2018-01-08 23:17:05+00:00,0.0,1.0,0.0,nytimes,Read Oprah Winfrey's Golden Globes speech https://t.co/iLb2GzcFxy,11
411,-0.296,2018-01-08 23:02:05+00:00,0.147,0.759,0.094,nytimes,"Energy Secretary Rick Perry‚Äôs plan for coal and nuclear subsidies was rejected by regulators, a blow to President T‚Ä¶ https://t.co/fV3v2VQtOb",12
412,0.0,2018-01-08 22:47:04+00:00,0.0,1.0,0.0,nytimes,2 Apple investors are pushing the company to limit technology's effects on children https://t.co/tT4PEsbm0J,13
413,0.4767,2018-01-08 22:32:04+00:00,0.0,0.763,0.237,nytimes,The complete list of winners at the 2018 Golden Globes https://t.co/bhC6fTb4B8,14
414,-0.5574,2018-01-08 22:17:03+00:00,0.175,0.825,0.0,nytimes,New Jersey lifted a ban on a bestselling book about mass incarceration after the ACLU called the prohibition ‚Äúironi‚Ä¶ https://t.co/BGn8CeeaGR,15
415,-0.0516,2018-01-08 22:00:39+00:00,0.152,0.741,0.107,nytimes,"‚ÄúWe had hope that if we worked hard, paid our taxes and didn‚Äôt get in trouble we would be allowed to stay‚Äù https://t.co/X8L2cyVr7Z",16
416,0.7065,2018-01-08 21:47:05+00:00,0.119,0.593,0.288,nytimes,The genetic fingerprinting methods that have been so successful in the criminal justice system are now being used t‚Ä¶ https://t.co/yb8pmDYv99,17
417,0.0,2018-01-08 21:33:08+00:00,0.0,1.0,0.0,nytimes,"Opinion: Oprah, don't do it https://t.co/ElEv8o20TP",18
418,-0.5719,2018-01-08 21:20:03+00:00,0.198,0.802,0.0,nytimes,The @nytimesbooks review of ‚ÄúFire and Fury: Inside the Trump White House‚Äù by Michael Wolff https://t.co/f96fh7MwFn,19
419,0.0,2018-01-08 21:10:05+00:00,0.0,1.0,0.0,nytimes,"RT @rpogrebin: BIG ART NEWS A Mega-dealer is getting more mega: David Zwirner is planning a new $50m gallery in Chelsea, designed by Renzo‚Ä¶",20
420,0.0,2018-01-08 20:55:04+00:00,0.0,1.0,0.0,nytimes,"Just about anyone can enter this visa-free zone between Kazakhstan and China ‚Äî that is, except for men with long be‚Ä¶ https://t.co/7Wl4cMH8zS",21
421,-0.0516,2018-01-08 20:46:56+00:00,0.07,0.93,0.0,nytimes,"Another NYT reader's reaction to the Trump administration announcement that nearly 200,000 Salvadorans must leave t‚Ä¶ https://t.co/WEhbmWmmQA",22
422,-0.0516,2018-01-08 20:40:12+00:00,0.074,0.926,0.0,nytimes,"A reader reacting to the Trump administration announcement that nearly 200,000 Salvadorans must leave the U.S.‚Ä¶ https://t.co/KuCCc2U12J",23
423,-0.2732,2018-01-08 20:25:06+00:00,0.095,0.905,0.0,nytimes,"The charges against the Bundys, who led an armed standoff at their ranch in 2014, have been dismissed by a federal‚Ä¶ https://t.co/mwlFaxG1qr",24
424,0.0258,2018-01-08 20:10:06+00:00,0.176,0.644,0.18,nytimes,"Best: Oprah Winfrey's speech, Natalie Portman's one-liner 
Worst: Mostly silent men, some of those red-carpet inter‚Ä¶ https://t.co/xttPAYDe4N",25
425,-0.7579,2018-01-08 19:55:13+00:00,0.255,0.745,0.0,nytimes,"How an abolitionist, pro-North Civil War hymn came to be the fight song of a football team in the Deep South https://t.co/Nl908Tb50x",26
426,-0.1154,2018-01-08 19:40:06+00:00,0.065,0.935,0.0,nytimes,"Carrie Gracie said she was offered a raise before resigning as the BBC‚Äôs China editor, but one that still did not b‚Ä¶ https://t.co/fjI9hJ0OIN",27
427,0.0,2018-01-08 19:25:02+00:00,0.0,1.0,0.0,nytimes,RT @nytimesES: Casi 200.000 salvadore√±os que ten√≠an permiso de vivir en Estados Unidos por m√°s de una d√©cada ahora deber√°n irse del pa√≠s. h‚Ä¶,28
428,0.0,2018-01-08 19:10:04+00:00,0.0,1.0,0.0,nytimes,"Marinate today, grill tomorrow https://t.co/JoFJ3RdE5z",29
429,0.0,2018-01-08 19:00:09+00:00,0.0,1.0,0.0,nytimes,RT @comradewong: How will a reborn Chinese empire shape the world? My thoughts on leaving China after nearly a decade reporting there for t‚Ä¶,30
430,-0.765,2018-01-08 18:47:55+00:00,0.28,0.72,0.0,nytimes,Breaking News: A fraternity has been banned from operating in Pennsylvania for 10 years after a pledge died in a 20‚Ä¶ https://t.co/yIZI20F5MF,31
431,0.4404,2018-01-08 18:35:09+00:00,0.0,0.854,0.146,nytimes,"A handful of Mexican towns and cities are effectively seceding from the state. Sometimes with money, sometimes with‚Ä¶ https://t.co/0yVm5GFYnA",32
432,-0.5106,2018-01-08 18:20:28+00:00,0.226,0.656,0.118,nytimes,"RT @adamliptak: ‚ÄúI have wondered if black people even have souls,‚Äù said a juror in a death penalty case.  On Monday, the Supreme Court call‚Ä¶",33
433,0.0,2018-01-08 18:10:13+00:00,0.0,1.0,0.0,nytimes,"Nearly 200,000 people from El Salvador who have been allowed to live in the U.S. for more than a decade must leave‚Ä¶ https://t.co/XOPsyYGjKI",34
434,0.0258,2018-01-08 18:00:17+00:00,0.11,0.735,0.155,nytimes,RT @ThomasErdbrink: ‚ÄúThe problem is that we want two generations after us to live the way we like them to.‚Äù https://t.co/HP2qmmJfks,35
435,0.0,2018-01-08 17:50:19+00:00,0.0,1.0,0.0,nytimes,"At least 4 people from 3 states have lined up to claim Charles Manson‚Äôs body, his property or both in the weeks sin‚Ä¶ https://t.co/seg8USY4ll",36
436,-0.5423,2018-01-08 17:40:13+00:00,0.163,0.837,0.0,nytimes,"‚ÄúWe‚Äôre already taxed and harassed, and soon they‚Äôll be charging for air,‚Äù one fruit and vegetable vendor said https://t.co/P9t15mbBXF",37
437,0.5859,2018-01-08 17:30:03+00:00,0.0,0.853,0.147,nytimes,"RT @dansaltzstein: We got 13,000 applications for our 52 Places Traveler job. We'll announce the winner later this week. In the meantime, a‚Ä¶",38
438,0.6962,2018-01-08 17:20:03+00:00,0.0,0.776,0.224,nytimes,"""The result was one of the most elegant, genuinely chic red carpets I‚Äôve seen in Hollywood. Given meaning by the wo‚Ä¶ https://t.co/kvzhTsZrCV",39
439,-0.4973,2018-01-08 17:10:08+00:00,0.114,0.886,0.0,nytimes,"RT @jessbidgood: ""You have to shout to be heard above the wind, but you have nothing intelligent to say.‚Äù @kseelye on our trip up Mt. Washi‚Ä¶",40
440,0.7506,2018-01-08 17:00:19+00:00,0.0,0.67,0.33,nytimes,A strong economy typically lifts a president's approval ratings. President Trump seems to be an exception. https://t.co/lFQBzplPI9,41
441,-0.2023,2018-01-08 16:45:05+00:00,0.141,0.859,0.0,nytimes,Here‚Äôs a look at the highs and lows of Golden Globes night https://t.co/GFGXxBlCo1,42
442,0.0,2018-01-08 16:41:02+00:00,0.0,1.0,0.0,nytimes,It was so hot in Australia that the asphalt melted on a stretch of highway https://t.co/CZAndxpbjy,43
443,0.7125,2018-01-08 16:30:22+00:00,0.0,0.771,0.229,nytimes,"RT @melbournecoal: The new editor of GLAMOUR is...Samantha Barry, the first top editor at Cond√© Nast with an exclusively digital and televi‚Ä¶",44
444,0.0,2018-01-08 16:20:07+00:00,0.0,1.0,0.0,nytimes,FEMA is substantially redrawing New York City‚Äôs flood maps to account for climate change. Deciding who is in the fl‚Ä¶ https://t.co/AgwOw3TItV,45
445,-0.4215,2018-01-08 16:10:04+00:00,0.188,0.725,0.087,nytimes,"RT @marcatracy: Tonight, Georgia's band will over and over play a Georgia fight song. It's ""Battle Hymn of the Republic."" How the Civil War‚Ä¶",46
446,0.0,2018-01-08 16:00:34+00:00,0.0,1.0,0.0,nytimes,Do parents make kids fat? https://t.co/4YjB4jynMC,47
447,0.0,2018-01-08 15:55:07+00:00,0.0,1.0,0.0,nytimes,"RT @nytvideo: The Trump administration will end a program that allowed nearly 200,000 people from El Salvador to stay in the U.S. In this v‚Ä¶",48
448,0.0,2018-01-08 15:51:07+00:00,0.0,1.0,0.0,nytimes,Some of the economic policies Trump's administration is pursuing are at odds with what many in the farm industry sa‚Ä¶ https://t.co/Z6Fw7JV7x9,49
449,0.5994,2018-01-08 15:41:05+00:00,0.0,0.754,0.246,nytimes,"RT @nytopinion: Trump's defenders have learned to praise him in order to steady him, writes @CharlesMBlow https://t.co/M4ihQXJKG9",50
450,-0.836,2018-01-08 15:33:07+00:00,0.294,0.706,0.0,nytimes,"Recy Taylor, who Oprah Winfrey mentioned in her Golden Globes speech, was abducted and raped by 6 white men in 1944‚Ä¶ https://t.co/yNKXXg9dpp",51
451,0.0,2018-01-08 15:20:13+00:00,0.0,1.0,0.0,nytimes,"President Hassan Rouhani of Iran lashed out at his hard-line opponents: ""One cannot force one's lifestyle on the fu‚Ä¶ https://t.co/Q3IPF3oHOu",52
452,0.0,2018-01-08 15:20:05+00:00,0.0,1.0,0.0,nytimes,"Breaking News: Nearly 200,000 Salvadorans allowed to live in the U.S. temporarily after 2 earthquakes in 2001 must‚Ä¶ https://t.co/m3rU3Opnnb",53
453,0.0258,2018-01-08 15:11:08+00:00,0.1,0.794,0.105,nytimes,RT @NYTScience: ‚ÄúThere‚Äôs this hollowness yet this ghostlike pain still there which is fascinating from a scientific perspective but horrifi‚Ä¶,54
454,-0.128,2018-01-08 15:10:07+00:00,0.067,0.933,0.0,nytimes,"Seth Meyers wisecracked about the notion that Oprah Winfrey might run for president. By the end of her speech, it s‚Ä¶ https://t.co/225ffDJ7bI",55
455,0.7125,2018-01-08 15:04:55+00:00,0.0,0.762,0.238,nytimes,"RT @melbournecoal: BREAK: GLAMOUR has chosen its next top editor: Samantha Barry, an executive producer at CNN. Her digital and television‚Ä¶",56
456,0.0,2018-01-08 15:00:35+00:00,0.0,1.0,0.0,nytimes,Morning¬†Briefing: Here's what you need to know to start your day https://t.co/nv888KXNiY https://t.co/VofYEJ5Wmx,57
457,0.0,2018-01-08 14:46:05+00:00,0.0,1.0,0.0,nytimes,Video: #MeToo leads at the Golden Globes https://t.co/FGqPe6hoY2,58
458,0.0,2018-01-08 14:41:02+00:00,0.0,1.0,0.0,nytimes,"Last May, Jared Kushner accompanied President Trump on the pair‚Äôs first diplomatic trip to Israel.

Shortly before,‚Ä¶ https://t.co/Wh8ixjfeAJ",59
459,-0.2732,2018-01-08 14:36:33+00:00,0.198,0.684,0.118,nytimes,"RT @UpshotNYT: The jobless rate is low; so are the president's approval ratings. Historically, there is something wrong with this picture.‚Ä¶",60
460,-0.8126,2018-01-08 14:31:09+00:00,0.364,0.571,0.064,nytimes,A fire broke out near the top of Trump Tower in New York. A firefighter was hurt by falling debris and 2 civilians‚Ä¶ https://t.co/4hDyD7QG0Z,61
461,0.0,2018-01-08 14:15:14+00:00,0.0,1.0,0.0,nytimes,Eight pairs of actresses and activists attended the Golden Globes together. Here's what the talked about. https://t.co/sGsKyd6ayI,62
462,0.0,2018-01-08 14:00:22+00:00,0.0,1.0,0.0,nytimes,Bannon needs Breitbart. Does Breitbart need Bannon? https://t.co/tZJwuNPPJN,63
463,0.0,2018-01-08 13:46:07+00:00,0.0,1.0,0.0,nytimes,Natalie Portman delivered a line that instantly landed among the Golden Globes's most memorable https://t.co/MfWRlh8Qst,64
464,0.0258,2018-01-08 13:32:06+00:00,0.155,0.687,0.159,nytimes,"""The Globes still celebrated the power players of a system in which Harvey Weinstein, whose abuses precipitated the‚Ä¶ https://t.co/Wd3YTSqaSn",65
465,0.0,2018-01-08 13:00:28+00:00,0.0,1.0,0.0,nytimes,Morning¬†Briefing: Here's what you need to know to start your day https://t.co/23Cz3w9O2c https://t.co/CZj0pS6XM0,66
466,-0.7096,2018-01-08 12:45:15+00:00,0.296,0.704,0.0,nytimes,Iran has banned the teaching of English in primary schools to block Western ‚Äúcultural invasion‚Äù https://t.co/aN2PrcD34n,67
467,-0.7003,2018-01-08 12:31:05+00:00,0.254,0.746,0.0,nytimes,"A senior BBC News editor accused the network of operating a ""secretive and illegal"" salary system that pays men mor‚Ä¶ https://t.co/JB8M9n4B4r",68
468,0.0,2018-01-08 12:15:09+00:00,0.0,1.0,0.0,nytimes,A transcript of Seth Meyers's Golden Globes monologue https://t.co/MeEYazWZ6h,69
469,0.2732,2018-01-08 12:00:21+00:00,0.0,0.89,0.11,nytimes,"President Trump defended his fitness for office after a new book raised questions about his mental health, calling‚Ä¶ https://t.co/AZZgNfvkgC",70
470,0.0258,2018-01-08 11:50:08+00:00,0.0,0.942,0.058,nytimes,"Stephen Bannon tried backing away from his explosive comments, saying that the younger Trump was ""both a patriot an‚Ä¶ https://t.co/TpdTx9rGoe",71
471,0.0,2018-01-08 11:40:13+00:00,0.0,1.0,0.0,nytimes,"Read speeches from Elisabeth Moss, Laura Dern, Frances McDormand and Gary Oldman https://t.co/vXYIWzJyXj",72
472,0.0,2018-01-08 11:30:06+00:00,0.0,1.0,0.0,nytimes,Morning¬†Briefing: Here's what you need to know to start your day https://t.co/onNxHFF46I https://t.co/uC0AobaWGP,73
473,-0.2732,2018-01-08 11:21:02+00:00,0.091,0.909,0.0,nytimes,"An Iranian oil tanker that collided with another ship off China's coast is at risk of exploding and sinking, the Ch‚Ä¶ https://t.co/XrCcYABhA0",74
474,0.4215,2018-01-08 11:11:02+00:00,0.0,0.877,0.123,nytimes,"RT @nytimesworld: Remember the ‚Äúnew Coke‚Äù blunder? The makers of Irn Bru, a popular Scottish soda, are facing a similar uproar from custome‚Ä¶",75
475,0.0,2018-01-08 11:00:23+00:00,0.0,1.0,0.0,nytimes,Israel published a blacklist of 20 organizations whose leaders it has barred from entering the country for supporti‚Ä¶ https://t.co/SSYCUKsLvl,76
476,0.5267,2018-01-08 10:46:03+00:00,0.0,0.784,0.216,nytimes,"The strongest challenger to Egypt‚Äôs leader withdrew from the country‚Äôs presidential race, with his lawyer saying th‚Ä¶ https://t.co/o6dlzUHSaX",77
477,0.0,2018-01-08 10:29:02+00:00,0.0,1.0,0.0,nytimes,Read Oprah Winfrey's Golden Globes speech https://t.co/Q3O0v5mAmu,78
478,-0.4215,2018-01-08 10:15:12+00:00,0.128,0.872,0.0,nytimes,The police in Belfast said they were investigating a tweet by a member of Parliament who appeared to mock the anniv‚Ä¶ https://t.co/hPyVFiNOXj,79
479,0.4767,2018-01-08 09:59:03+00:00,0.0,0.763,0.237,nytimes,The complete list of winners at the 2018 Golden Globes https://t.co/BbxDaUeBJV,80
480,0.0,2018-01-08 09:44:04+00:00,0.0,1.0,0.0,nytimes,RT @nytimesworld: How do you maintain a fence nearly twice as long as the U.S.-Mexico border? Ask Australia. https://t.co/tIvo6eTjgH,81
481,-0.4404,2018-01-08 09:31:01+00:00,0.146,0.854,0.0,nytimes,"Opinion: ""America is upside down and inside out. There's meaningless make-believe in the capital of politics. There‚Ä¶ https://t.co/D9MIieTr87",82
482,-0.25,2018-01-08 09:16:05+00:00,0.1,0.9,0.0,nytimes,"Countries are unsure whether to take President Trump's words as policy pronouncements, or whether they can be safel‚Ä¶ https://t.co/w3BeqjVQSX",83
483,-0.7096,2018-01-08 08:52:06+00:00,0.296,0.704,0.0,nytimes,Iran has banned the teaching of English in primary schools to block Western ‚Äúcultural invasion‚Äù https://t.co/jod8Mlwjar,84
484,0.6187,2018-01-08 08:37:05+00:00,0.082,0.69,0.229,nytimes,"RT @FrankBruni: In this anxious time of absent leadership, I found reassurance in the gestures, words and work honored at the Golden Globes‚Ä¶",85
485,0.0,2018-01-08 08:22:05+00:00,0.0,1.0,0.0,nytimes,"Heavy snowfall. Face-freezing temperatures. Around the globe, another winter phenomenon was in full force: rescuing‚Ä¶ https://t.co/YlGk9Halee",86
486,0.0,2018-01-08 08:07:11+00:00,0.0,1.0,0.0,nytimes,"Will Steve Bannon be able to hang on to Breitbart News?
 https://t.co/aLi0eFHf1C",87
487,0.4019,2018-01-08 07:52:01+00:00,0.0,0.891,0.109,nytimes,"RT @nytimesarts: The Golden Globes was a half-protest, half party, where some stars spoke out for #TimesUp and others let their pins do the‚Ä¶",88
488,0.5106,2018-01-08 07:37:06+00:00,0.061,0.711,0.228,nytimes,Can tech companies like Google and Paytm convince Indian consumers to leave their cash at home? https://t.co/m4jc3kUfzS,89
489,0.5719,2018-01-08 07:22:06+00:00,0.0,0.709,0.291,nytimes,The votes are in: Oprah Winfrey won the night https://t.co/bueoAJBdn1,90
490,0.5859,2018-01-08 07:07:03+00:00,0.0,0.84,0.16,nytimes,RT @sewellchan: I was moved by @Oprah's remarks about Recy Taylor ‚Äî and honored to have written our @NYTObits obituary about her: https://t‚Ä¶,91
491,0.3818,2018-01-08 06:52:00+00:00,0.0,0.874,0.126,nytimes,"Walking or cycling changes the makeup of our gut bacteria in ways that may promote health, a study found https://t.co/H3YPWim14a",92
492,0.0,2018-01-08 06:37:04+00:00,0.0,1.0,0.0,nytimes,A suburb in Australia just had the hottest day on record https://t.co/ZhX1ngFRiW,93
493,-0.0516,2018-01-08 06:22:04+00:00,0.084,0.84,0.076,nytimes,A top BBC editor quit her post to protest what she said was a ‚Äúsecretive and illegal‚Äù salary system that pays men m‚Ä¶ https://t.co/065Jp4a3HP,94
494,0.6597,2018-01-08 06:07:27+00:00,0.0,0.748,0.252,nytimes,One of the great challenges for entrepreneurs who name their companies after themselves is serving their customers‚Ä¶ https://t.co/oHtjfNnTvY,95
495,0.0,2018-01-08 05:50:44+00:00,0.0,1.0,0.0,nytimes,"In an 11,500-year-old skeleton found in Alaska, scientists have found new clues to how people first arrived in the‚Ä¶ https://t.co/HrX9q2fbZY",96
496,0.0,2018-01-08 05:35:18+00:00,0.0,1.0,0.0,nytimes,"As Trump Appeals to Farmers, Some of His Policies Don‚Äôt https://t.co/5wHodB1Gwl",97
497,-0.2263,2018-01-08 05:23:55+00:00,0.106,0.894,0.0,nytimes,"The experience was overwhelming, confusing (where are their parents?) and educational. Here‚Äôs what the sneaker expe‚Ä¶ https://t.co/iz3enR4n5C",98
498,0.0,2018-01-08 05:09:35+00:00,0.0,1.0,0.0,nytimes,"In an ancient burial pit in Alaska, scientists have found new clues to how people first arrived in the Americas fro‚Ä¶ https://t.co/xjQZgJNlF1",99
499,-0.5837,2018-01-08 04:52:06+00:00,0.351,0.649,0.0,nytimes,"Debra Messing, live on E!, chastised E! https://t.co/jcWr4yyKd6",100
